业务概念(Term),SAP对标字段,MES物理字段名(DB_Column),数据类型,字典编码(dict_code),长度,是否必填,备注
工厂ID,,plant_id,bigint,,20,是,主键，建议使用雪花ID或数据库统一ID生成策略。
工厂编码,,plant_code,varchar,,64,是,基础版字段定义，后续可按数据库规范细化。
工厂名称,,plant_name,varchar,,128,是,基础版字段定义，后续可按数据库规范细化。
工厂类型,,plant_type,varchar,type_dict,32,否,基础版字段定义，后续可按数据库规范细化。
地址,,address,varchar,,500,否,基础版字段定义，后续可按数据库规范细化。
状态,,status,varchar,status_dict,20,是,基础版字段定义，后续可按数据库规范细化。
排序号,,sort_no,int,,11,是,基础版字段定义，后续可按数据库规范细化。
创建人,,create_by,varchar,,64,是,基础版字段定义，后续可按数据库规范细化。
创建时间,,create_time,datetime,,,是,基础版字段定义，后续可按数据库规范细化。
更新人,,update_by,varchar,,64,否,基础版字段定义，后续可按数据库规范细化。
更新时间,,update_time,datetime,,,否,基础版字段定义，后续可按数据库规范细化。
逻辑删除标识,,del_flag,char,sys_del_flag,1,是,0存在 2删除
备注,,remark,varchar,,500,否,基础版字段定义，后续可按数据库规范细化。
车间ID,,workshop_id,bigint,,20,是,主键，建议使用雪花ID或数据库统一ID生成策略。
工厂ID,,plant_id,bigint,,20,是,基础版字段定义，后续可按数据库规范细化。
车间编码,,workshop_code,varchar,,64,是,基础版字段定义，后续可按数据库规范细化。
车间名称,,workshop_name,varchar,,128,是,基础版字段定义，后续可按数据库规范细化。
车间类型,,workshop_type,varchar,type_dict,32,否,基础版字段定义，后续可按数据库规范细化。
状态,,status,varchar,status_dict,20,是,基础版字段定义，后续可按数据库规范细化。
排序号,,sort_no,int,,11,是,基础版字段定义，后续可按数据库规范细化。
创建人,,create_by,varchar,,64,是,基础版字段定义，后续可按数据库规范细化。
创建时间,,create_time,datetime,,,是,基础版字段定义，后续可按数据库规范细化。
更新人,,update_by,varchar,,64,否,基础版字段定义，后续可按数据库规范细化。
更新时间,,update_time,datetime,,,否,基础版字段定义，后续可按数据库规范细化。
逻辑删除标识,,del_flag,char,sys_del_flag,1,是,0存在 2删除
备注,,remark,varchar,,500,否,基础版字段定义，后续可按数据库规范细化。
产线ID,,line_id,bigint,,20,是,主键，建议使用雪花ID或数据库统一ID生成策略。
工厂ID,,plant_id,bigint,,20,是,基础版字段定义，后续可按数据库规范细化。
车间ID,,workshop_id,bigint,,20,是,基础版字段定义，后续可按数据库规范细化。
产线编码,,line_code,varchar,,64,是,基础版字段定义，后续可按数据库规范细化。
产线名称,,line_name,varchar,,128,是,基础版字段定义，后续可按数据库规范细化。
产线类型,,line_type,varchar,type_dict,32,否,基础版字段定义，后续可按数据库规范细化。
状态,,status,varchar,status_dict,20,是,基础版字段定义，后续可按数据库规范细化。
排序号,,sort_no,int,,11,是,基础版字段定义，后续可按数据库规范细化。
创建人,,create_by,varchar,,64,是,基础版字段定义，后续可按数据库规范细化。
创建时间,,create_time,datetime,,,是,基础版字段定义，后续可按数据库规范细化。
更新人,,update_by,varchar,,64,否,基础版字段定义，后续可按数据库规范细化。
更新时间,,update_time,datetime,,,否,基础版字段定义，后续可按数据库规范细化。
逻辑删除标识,,del_flag,char,sys_del_flag,1,是,0存在 2删除
备注,,remark,varchar,,500,否,基础版字段定义，后续可按数据库规范细化。
工作中心ID,,work_center_id,bigint,,20,是,主键，建议使用雪花ID或数据库统一ID生成策略。
工厂ID,,plant_id,bigint,,20,是,基础版字段定义，后续可按数据库规范细化。
车间ID,,workshop_id,bigint,,20,是,基础版字段定义，后续可按数据库规范细化。
产线ID,,line_id,bigint,,20,是,基础版字段定义，后续可按数据库规范细化。
工作中心编码,,work_center_code,varchar,,64,是,基础版字段定义，后续可按数据库规范细化。
工作中心名称,,work_center_name,varchar,,128,是,基础版字段定义，后续可按数据库规范细化。
工作中心类型,,work_center_type,varchar,type_dict,32,否,基础版字段定义，后续可按数据库规范细化。
产能单位,,capacity_unit,varchar,,64,否,基础版字段定义，后续可按数据库规范细化。
状态,,status,varchar,status_dict,20,是,基础版字段定义，后续可按数据库规范细化。
创建人,,create_by,varchar,,64,是,基础版字段定义，后续可按数据库规范细化。
创建时间,,create_time,datetime,,,是,基础版字段定义，后续可按数据库规范细化。
更新人,,update_by,varchar,,64,否,基础版字段定义，后续可按数据库规范细化。
更新时间,,update_time,datetime,,,否,基础版字段定义，后续可按数据库规范细化。
逻辑删除标识,,del_flag,char,sys_del_flag,1,是,0存在 2删除
备注,,remark,varchar,,500,否,基础版字段定义，后续可按数据库规范细化。
物料ID,,material_id,bigint,,20,是,主键，建议使用雪花ID或数据库统一ID生成策略。
物料编码,,material_code,varchar,,64,是,基础版字段定义，后续可按数据库规范细化。
物料名称,,material_name,varchar,,128,是,基础版字段定义，后续可按数据库规范细化。
物料类型,,material_type,varchar,mes_material_type,32,否,基础版字段定义，后续可按数据库规范细化。
规格型号,,spec_model,varchar,,64,否,基础版字段定义，后续可按数据库规范细化。
基本单位,,base_uom,varchar,mes_uom,20,否,基础版字段定义，后续可按数据库规范细化。
是否批次管理,,batch_managed_flag,char,sys_yes_no,1,是,基础版字段定义，后续可按数据库规范细化。
是否序列号管理,,serial_managed_flag,char,sys_yes_no,1,是,基础版字段定义，后续可按数据库规范细化。
状态,,status,varchar,status_dict,20,是,基础版字段定义，后续可按数据库规范细化。
创建人,,create_by,varchar,,64,是,基础版字段定义，后续可按数据库规范细化。
创建时间,,create_time,datetime,,,是,基础版字段定义，后续可按数据库规范细化。
更新人,,update_by,varchar,,64,否,基础版字段定义，后续可按数据库规范细化。
更新时间,,update_time,datetime,,,否,基础版字段定义，后续可按数据库规范细化。
逻辑删除标识,,del_flag,char,sys_del_flag,1,是,0存在 2删除
备注,,remark,varchar,,500,否,基础版字段定义，后续可按数据库规范细化。
BOM ID,,bom_id,bigint,,20,是,主键，建议使用雪花ID或数据库统一ID生成策略。
工厂ID,,plant_id,bigint,,20,是,基础版字段定义，后续可按数据库规范细化。
物料ID,,material_id,bigint,,20,是,基础版字段定义，后续可按数据库规范细化。
BOM编码,,bom_code,varchar,,64,是,基础版字段定义，后续可按数据库规范细化。
BOM版本,,bom_version,varchar,,32,是,基础版字段定义，后续可按数据库规范细化。
BOM用途,,bom_usage,varchar,mes_bom_usage,64,否,基础版字段定义，后续可按数据库规范细化。
生效开始时间,,effective_from,datetime,,,否,基础版字段定义，后续可按数据库规范细化。
生效结束时间,,effective_to,datetime,,,否,基础版字段定义，后续可按数据库规范细化。
BOM状态,,bom_status,varchar,status_dict,20,是,基础版字段定义，后续可按数据库规范细化。
基准数量,,base_qty,decimal,,18,是,基础版字段定义，后续可按数据库规范细化。
基本单位,,base_uom,varchar,mes_uom,20,否,基础版字段定义，后续可按数据库规范细化。
创建人,,create_by,varchar,,64,是,基础版字段定义，后续可按数据库规范细化。
创建时间,,create_time,datetime,,,是,基础版字段定义，后续可按数据库规范细化。
更新人,,update_by,varchar,,64,否,基础版字段定义，后续可按数据库规范细化。
更新时间,,update_time,datetime,,,否,基础版字段定义，后续可按数据库规范细化。
逻辑删除标识,,del_flag,char,sys_del_flag,1,是,0存在 2删除
备注,,remark,varchar,,500,否,基础版字段定义，后续可按数据库规范细化。
BOM明细ID,,bom_item_id,bigint,,20,是,主键，建议使用雪花ID或数据库统一ID生成策略。
BOM ID,,bom_id,bigint,,20,是,基础版字段定义，后续可按数据库规范细化。
项目号,,item_no,varchar,,64,是,基础版字段定义，后续可按数据库规范细化。
组件物料ID,,component_material_id,bigint,,20,是,基础版字段定义，后续可按数据库规范细化。
组件数量,,component_qty,decimal,,18,是,基础版字段定义，后续可按数据库规范细化。
组件单位,,component_uom,varchar,mes_uom,20,否,基础版字段定义，后续可按数据库规范细化。
损耗率,,scrap_rate,decimal,,18,否,基础版字段定义，后续可按数据库规范细化。
项目类型,,item_type,varchar,type_dict,32,否,基础版字段定义，后续可按数据库规范细化。
生效开始时间,,effective_from,datetime,,,否,基础版字段定义，后续可按数据库规范细化。
生效结束时间,,effective_to,datetime,,,否,基础版字段定义，后续可按数据库规范细化。
项目状态,,item_status,varchar,status_dict,20,是,基础版字段定义，后续可按数据库规范细化。
创建人,,create_by,varchar,,64,是,基础版字段定义，后续可按数据库规范细化。
创建时间,,create_time,datetime,,,是,基础版字段定义，后续可按数据库规范细化。
更新人,,update_by,varchar,,64,否,基础版字段定义，后续可按数据库规范细化。
更新时间,,update_time,datetime,,,否,基础版字段定义，后续可按数据库规范细化。
逻辑删除标识,,del_flag,char,sys_del_flag,1,是,0存在 2删除
备注,,remark,varchar,,500,否,基础版字段定义，后续可按数据库规范细化。
BOM工序映射ID,,bom_item_op_map_id,bigint,,20,是,主键，建议使用雪花ID或数据库统一ID生成策略。
BOM明细ID,,bom_item_id,bigint,,20,是,基础版字段定义，后续可按数据库规范细化。
工序ID,,operation_id,bigint,,20,是,基础版字段定义，后续可按数据库规范细化。
发料方式,,issue_method,varchar,,64,否,基础版字段定义，后续可按数据库规范细化。
发料数量,,issue_qty,decimal,,18,是,基础版字段定义，后续可按数据库规范细化。
发料单位,,issue_uom,varchar,mes_uom,20,否,基础版字段定义，后续可按数据库规范细化。
是否倒冲,,backflush_flag,char,sys_yes_no,1,是,基础版字段定义，后续可按数据库规范细化。
是否必需,,mandatory_flag,char,sys_yes_no,1,是,基础版字段定义，后续可按数据库规范细化。
状态,,status,varchar,status_dict,20,是,基础版字段定义，后续可按数据库规范细化。
创建人,,create_by,varchar,,64,是,基础版字段定义，后续可按数据库规范细化。
创建时间,,create_time,datetime,,,是,基础版字段定义，后续可按数据库规范细化。
更新人,,update_by,varchar,,64,否,基础版字段定义，后续可按数据库规范细化。
更新时间,,update_time,datetime,,,否,基础版字段定义，后续可按数据库规范细化。
逻辑删除标识,,del_flag,char,sys_del_flag,1,是,0存在 2删除
备注,,remark,varchar,,500,否,基础版字段定义，后续可按数据库规范细化。
工艺路线ID,,routing_id,bigint,,20,是,主键，建议使用雪花ID或数据库统一ID生成策略。
工厂ID,,plant_id,bigint,,20,是,基础版字段定义，后续可按数据库规范细化。
物料ID,,material_id,bigint,,20,是,基础版字段定义，后续可按数据库规范细化。
工艺路线编码,,routing_code,varchar,,64,是,基础版字段定义，后续可按数据库规范细化。
工艺路线版本,,routing_version,varchar,,32,是,基础版字段定义，后续可按数据库规范细化。
工艺路线类型,,routing_type,varchar,type_dict,32,否,基础版字段定义，后续可按数据库规范细化。
生效开始时间,,effective_from,datetime,,,否,基础版字段定义，后续可按数据库规范细化。
生效结束时间,,effective_to,datetime,,,否,基础版字段定义，后续可按数据库规范细化。
工艺路线状态,,routing_status,varchar,status_dict,20,是,基础版字段定义，后续可按数据库规范细化。
创建人,,create_by,varchar,,64,是,基础版字段定义，后续可按数据库规范细化。
创建时间,,create_time,datetime,,,是,基础版字段定义，后续可按数据库规范细化。
更新人,,update_by,varchar,,64,否,基础版字段定义，后续可按数据库规范细化。
更新时间,,update_time,datetime,,,否,基础版字段定义，后续可按数据库规范细化。
逻辑删除标识,,del_flag,char,sys_del_flag,1,是,0存在 2删除
备注,,remark,varchar,,500,否,基础版字段定义，后续可按数据库规范细化。
工序ID,,operation_id,bigint,,20,是,主键，建议使用雪花ID或数据库统一ID生成策略。
工艺路线ID,,routing_id,bigint,,20,是,基础版字段定义，后续可按数据库规范细化。
工序号,,operation_no,varchar,,64,是,基础版字段定义，后续可按数据库规范细化。
工序编码,,operation_code,varchar,,64,是,基础版字段定义，后续可按数据库规范细化。
工序名称,,operation_name,varchar,,128,是,基础版字段定义，后续可按数据库规范细化。
工作中心ID,,work_center_id,bigint,,20,是,基础版字段定义，后续可按数据库规范细化。
标准工时,,standard_time,decimal,,18,否,基础版字段定义，后续可按数据库规范细化。
时间单位,,time_uom,varchar,mes_uom,20,否,基础版字段定义，后续可按数据库规范细化。
工序类型,,operation_type,varchar,type_dict,32,否,基础版字段定义，后续可按数据库规范细化。
工序状态,,operation_status,varchar,status_dict,20,是,基础版字段定义，后续可按数据库规范细化。
创建人,,create_by,varchar,,64,是,基础版字段定义，后续可按数据库规范细化。
创建时间,,create_time,datetime,,,是,基础版字段定义，后续可按数据库规范细化。
更新人,,update_by,varchar,,64,否,基础版字段定义，后续可按数据库规范细化。
更新时间,,update_time,datetime,,,否,基础版字段定义，后续可按数据库规范细化。
逻辑删除标识,,del_flag,char,sys_del_flag,1,是,0存在 2删除
备注,,remark,varchar,,500,否,基础版字段定义，后续可按数据库规范细化。
生产工单ID,,prod_order_id,bigint,,20,是,主键，建议使用雪花ID或数据库统一ID生成策略。
工厂ID,,plant_id,bigint,,20,是,基础版字段定义，后续可按数据库规范细化。
物料ID,,material_id,bigint,,20,是,基础版字段定义，后续可按数据库规范细化。
BOM ID,,bom_id,bigint,,20,是,基础版字段定义，后续可按数据库规范细化。
工艺路线ID,,routing_id,bigint,,20,是,基础版字段定义，后续可按数据库规范细化。
生产工单号,,order_no,varchar,,64,是,基础版字段定义，后续可按数据库规范细化。
工单类型,,order_type,varchar,type_dict,32,否,基础版字段定义，后续可按数据库规范细化。
工单数量,,order_qty,decimal,,18,是,基础版字段定义，后续可按数据库规范细化。
工单单位,,order_uom,varchar,mes_uom,20,否,基础版字段定义，后续可按数据库规范细化。
计划开始时间,,planned_start_time,datetime,,,否,基础版字段定义，后续可按数据库规范细化。
计划结束时间,,planned_end_time,datetime,,,否,基础版字段定义，后续可按数据库规范细化。
工单状态,,order_status,varchar,mes_order_status,20,是,基础版字段定义，后续可按数据库规范细化。
来源系统,,source_system,varchar,,64,否,基础版字段定义，后续可按数据库规范细化。
创建人,,create_by,varchar,,64,是,基础版字段定义，后续可按数据库规范细化。
创建时间,,create_time,datetime,,,是,基础版字段定义，后续可按数据库规范细化。
更新人,,update_by,varchar,,64,否,基础版字段定义，后续可按数据库规范细化。
更新时间,,update_time,datetime,,,否,基础版字段定义，后续可按数据库规范细化。
紧急程度,,priority_level,varchar,mes_priority_level,2,是,紧急程度字典。
生产批号,,batch_no,varchar,,64,否,批次号
排产状态,,schedule_status,varchar,mes_schedule_status,20,否,排产状态字典。
逻辑删除标识,,del_flag,char,sys_del_flag,1,是,0存在 2删除
备注,,remark,varchar,,500,否,基础版字段定义，后续可按数据库规范细化。
工单组件ID,,order_component_id,bigint,,20,是,主键，建议使用雪花ID或数据库统一ID生成策略。
生产工单ID,,prod_order_id,bigint,,20,是,基础版字段定义，后续可按数据库规范细化。
工单工序ID,,order_op_id,bigint,,20,是,基础版字段定义，后续可按数据库规范细化。
BOM明细ID,,bom_item_id,bigint,,20,是,基础版字段定义，后续可按数据库规范细化。
组件序号,,component_seq_no,varchar,,64,是,基础版字段定义，后续可按数据库规范细化。
物料ID,,material_id,bigint,,20,是,基础版字段定义，后续可按数据库规范细化。
计划数量,,planned_qty,decimal,,18,是,基础版字段定义，后续可按数据库规范细化。
已发料数量,,issued_qty,decimal,,18,是,基础版字段定义，后续可按数据库规范细化。
单位,,uom,varchar,mes_uom,20,否,基础版字段定义，后续可按数据库规范细化。
组件来源,,component_source,varchar,,64,否,基础版字段定义，后续可按数据库规范细化。
是否替代,,substitution_flag,char,sys_yes_no,1,是,基础版字段定义，后续可按数据库规范细化。
是否切换,,cutover_flag,char,sys_yes_no,1,是,基础版字段定义，后续可按数据库规范细化。
组件状态,,component_status,varchar,status_dict,20,是,基础版字段定义，后续可按数据库规范细化。
创建人,,create_by,varchar,,64,是,基础版字段定义，后续可按数据库规范细化。
创建时间,,create_time,datetime,,,是,基础版字段定义，后续可按数据库规范细化。
更新人,,update_by,varchar,,64,否,基础版字段定义，后续可按数据库规范细化。
更新时间,,update_time,datetime,,,否,基础版字段定义，后续可按数据库规范细化。
逻辑删除标识,,del_flag,char,sys_del_flag,1,是,0存在 2删除
备注,,remark,varchar,,500,否,基础版字段定义，后续可按数据库规范细化。
工单工序ID,,order_op_id,bigint,,20,是,主键，建议使用雪花ID或数据库统一ID生成策略。
生产工单ID,,prod_order_id,bigint,,20,是,基础版字段定义，后续可按数据库规范细化。
工序ID,,operation_id,bigint,,20,是,基础版字段定义，后续可按数据库规范细化。
工序号,,operation_no,varchar,,64,是,基础版字段定义，后续可按数据库规范细化。
工序编码,,operation_code,varchar,,64,是,基础版字段定义，后续可按数据库规范细化。
工序名称,,operation_name,varchar,,128,是,基础版字段定义，后续可按数据库规范细化。
工作中心ID,,work_center_id,bigint,,20,是,基础版字段定义，后续可按数据库规范细化。
计划开始时间,,planned_start_time,datetime,,,否,基础版字段定义，后续可按数据库规范细化。
计划结束时间,,planned_end_time,datetime,,,否,基础版字段定义，后续可按数据库规范细化。
实际开始时间,,actual_start_time,datetime,,,否,基础版字段定义，后续可按数据库规范细化。
实际结束时间,,actual_end_time,datetime,,,否,基础版字段定义，后续可按数据库规范细化。
工序状态,,op_status,varchar,status_dict,20,是,基础版字段定义，后续可按数据库规范细化。
创建人,,create_by,varchar,,64,是,基础版字段定义，后续可按数据库规范细化。
创建时间,,create_time,datetime,,,是,基础版字段定义，后续可按数据库规范细化。
更新人,,update_by,varchar,,64,否,基础版字段定义，后续可按数据库规范细化。
更新时间,,update_time,datetime,,,否,基础版字段定义，后续可按数据库规范细化。
逻辑删除标识,,del_flag,char,sys_del_flag,1,是,0存在 2删除
备注,,remark,varchar,,500,否,基础版字段定义，后续可按数据库规范细化。
工序执行ID,,op_exec_id,bigint,,20,是,主键，建议使用雪花ID或数据库统一ID生成策略。
生产工单ID,,prod_order_id,bigint,,20,是,基础版字段定义，后续可按数据库规范细化。
工单工序ID,,order_op_id,bigint,,20,是,基础版字段定义，后续可按数据库规范细化。
派工ID,,dispatch_id,bigint,,20,是,基础版字段定义，后续可按数据库规范细化。
执行次数,,execution_no,varchar,,64,是,基础版字段定义，后续可按数据库规范细化。
开始时间,,start_time,datetime,,,否,基础版字段定义，后续可按数据库规范细化。
结束时间,,end_time,datetime,,,否,基础版字段定义，后续可按数据库规范细化。
执行人ID,,executor_id,bigint,,20,是,基础版字段定义，后续可按数据库规范细化。
设备ID,,equipment_id,bigint,,20,是,基础版字段定义，后续可按数据库规范细化。
执行状态,,exec_status,varchar,status_dict,20,是,基础版字段定义，后续可按数据库规范细化。
创建人,,create_by,varchar,,64,是,基础版字段定义，后续可按数据库规范细化。
创建时间,,create_time,datetime,,,是,基础版字段定义，后续可按数据库规范细化。
更新人,,update_by,varchar,,64,否,基础版字段定义，后续可按数据库规范细化。
更新时间,,update_time,datetime,,,否,基础版字段定义，后续可按数据库规范细化。
班次ID,,shift_id,bigint,,20,否,班次ID
逻辑删除标识,,del_flag,char,sys_del_flag,1,是,0存在 2删除
备注,,remark,varchar,,500,否,基础版字段定义，后续可按数据库规范细化。
报工ID,,report_id,bigint,,20,是,主键，建议使用雪花ID或数据库统一ID生成策略。
生产工单ID,,prod_order_id,bigint,,20,是,基础版字段定义，后续可按数据库规范细化。
工单工序ID,,order_op_id,bigint,,20,是,基础版字段定义，后续可按数据库规范细化。
工序执行ID,,op_exec_id,bigint,,20,是,基础版字段定义，后续可按数据库规范细化。
报工单号,,report_no,varchar,,64,是,基础版字段定义，后续可按数据库规范细化。
合格数量,,good_qty,decimal,,18,是,基础版字段定义，后续可按数据库规范细化。
报废数量,,scrap_qty,decimal,,18,是,基础版字段定义，后续可按数据库规范细化。
返工数量,,rework_qty,decimal,,18,是,基础版字段定义，后续可按数据库规范细化。
报工单位,,report_uom,varchar,mes_uom,20,否,基础版字段定义，后续可按数据库规范细化。
报工时间,,report_time,datetime,,,否,基础版字段定义，后续可按数据库规范细化。
报工人ID,,report_person_id,bigint,,20,是,基础版字段定义，后续可按数据库规范细化。
报工状态,,report_status,varchar,status_dict,20,是,基础版字段定义，后续可按数据库规范细化。
创建人,,create_by,varchar,,64,是,基础版字段定义，后续可按数据库规范细化。
创建时间,,create_time,datetime,,,是,基础版字段定义，后续可按数据库规范细化。
更新人,,update_by,varchar,,64,否,基础版字段定义，后续可按数据库规范细化。
更新时间,,update_time,datetime,,,否,基础版字段定义，后续可按数据库规范细化。
班次ID,,shift_id,bigint,,20,否,班次ID
设备ID,,equipment_id,bigint,,20,否,设备ID
逻辑删除标识,,del_flag,char,sys_del_flag,1,是,0存在 2删除
备注,,remark,varchar,,500,否,基础版字段定义，后续可按数据库规范细化。
物料批次ID,,material_lot_id,bigint,,20,是,主键，建议使用雪花ID或数据库统一ID生成策略。
物料ID,,material_id,bigint,,20,是,基础版字段定义，后续可按数据库规范细化。
批次号,,lot_no,varchar,,64,是,基础版字段定义，后续可按数据库规范细化。
供应商ID,,supplier_id,bigint,,20,是,基础版字段定义，后续可按数据库规范细化。
收货明细ID,,gr_item_id,bigint,,20,是,基础版字段定义，后续可按数据库规范细化。
接收数量,,received_qty,decimal,,18,是,基础版字段定义，后续可按数据库规范细化。
可用数量,,available_qty,decimal,,18,是,基础版字段定义，后续可按数据库规范细化。
单位,,uom,varchar,mes_uom,20,否,基础版字段定义，后续可按数据库规范细化。
生产日期,,manufacture_date,date,,,否,基础版字段定义，后续可按数据库规范细化。
失效日期,,expire_date,date,,,否,基础版字段定义，后续可按数据库规范细化。
批次状态,,lot_status,varchar,status_dict,20,是,基础版字段定义，后续可按数据库规范细化。
创建人,,create_by,varchar,,64,是,基础版字段定义，后续可按数据库规范细化。
创建时间,,create_time,datetime,,,是,基础版字段定义，后续可按数据库规范细化。
更新人,,update_by,varchar,,64,否,基础版字段定义，后续可按数据库规范细化。
更新时间,,update_time,datetime,,,否,基础版字段定义，后续可按数据库规范细化。
仓库ID,,warehouse_id,bigint,,20,否,仓库ID
库位ID,,storage_location_id,bigint,,20,否,库位ID
逻辑删除标识,,del_flag,char,sys_del_flag,1,是,0存在 2删除
备注,,remark,varchar,,500,否,基础版字段定义，后续可按数据库规范细化。
投料记录ID,,op_consume_id,bigint,,20,是,主键，建议使用雪花ID或数据库统一ID生成策略。
生产工单ID,,prod_order_id,bigint,,20,是,基础版字段定义，后续可按数据库规范细化。
工单工序ID,,order_op_id,bigint,,20,是,基础版字段定义，后续可按数据库规范细化。
工序执行ID,,op_exec_id,bigint,,20,是,基础版字段定义，后续可按数据库规范细化。
工单组件ID,,order_component_id,bigint,,20,是,基础版字段定义，后续可按数据库规范细化。
物料ID,,material_id,bigint,,20,是,基础版字段定义，后续可按数据库规范细化。
物料批次ID,,material_lot_id,bigint,,20,是,基础版字段定义，后续可按数据库规范细化。
序列号ID,,serial_id,bigint,,20,是,基础版字段定义，后续可按数据库规范细化。
投料数量,,consume_qty,decimal,,18,是,基础版字段定义，后续可按数据库规范细化。
投料单位,,consume_uom,varchar,mes_uom,20,否,基础版字段定义，后续可按数据库规范细化。
投料类型,,consume_type,varchar,mes_consume_type,32,否,基础版字段定义，后续可按数据库规范细化。
投料时间,,consume_time,datetime,,,否,基础版字段定义，后续可按数据库规范细化。
创建人,,create_by,varchar,,64,是,基础版字段定义，后续可按数据库规范细化。
创建时间,,create_time,datetime,,,是,基础版字段定义，后续可按数据库规范细化。
更新人,,update_by,varchar,,64,否,基础版字段定义，后续可按数据库规范细化。
更新时间,,update_time,datetime,,,否,基础版字段定义，后续可按数据库规范细化。
逻辑删除标识,,del_flag,char,sys_del_flag,1,是,0存在 2删除
备注,,remark,varchar,,500,否,基础版字段定义，后续可按数据库规范细化。
SAP系统ID,,sap_system_id,bigint,,20,是,主键，建议使用雪花ID或数据库统一ID生成策略。
SAP系统编码,,sap_system_code,varchar,,64,是,基础版字段定义，后续可按数据库规范细化。
SAP系统名称,,sap_system_name,varchar,,128,是,基础版字段定义，后续可按数据库规范细化。
客户端号,,client_no,varchar,,64,是,基础版字段定义，后续可按数据库规范细化。
环境类型,,environment_type,varchar,type_dict,32,否,基础版字段定义，后续可按数据库规范细化。
接口地址,,endpoint_url,varchar,,500,否,基础版字段定义，后续可按数据库规范细化。
状态,,status,varchar,status_dict,20,是,基础版字段定义，后续可按数据库规范细化。
创建人,,create_by,varchar,,64,是,基础版字段定义，后续可按数据库规范细化。
创建时间,,create_time,datetime,,,是,基础版字段定义，后续可按数据库规范细化。
更新人,,update_by,varchar,,64,否,基础版字段定义，后续可按数据库规范细化。
更新时间,,update_time,datetime,,,否,基础版字段定义，后续可按数据库规范细化。
逻辑删除标识,,del_flag,char,sys_del_flag,1,是,0存在 2删除
备注,,remark,varchar,,500,否,基础版字段定义，后续可按数据库规范细化。
SAP工厂参考ID,,sap_plant_ref_id,bigint,,20,是,主键，建议使用雪花ID或数据库统一ID生成策略。
SAP系统ID,,sap_system_id,bigint,,20,是,基础版字段定义，后续可按数据库规范细化。
SAP工厂编码,,sap_plant_code,varchar,,64,是,基础版字段定义，后续可按数据库规范细化。
SAP工厂名称,,sap_plant_name,varchar,,128,是,基础版字段定义，后续可按数据库规范细化。
公司代码,,company_code,varchar,,64,是,基础版字段定义，后续可按数据库规范细化。
状态,,status,varchar,status_dict,20,是,基础版字段定义，后续可按数据库规范细化。
最后同步时间,,last_sync_time,datetime,,,否,基础版字段定义，后续可按数据库规范细化。
创建人,,create_by,varchar,,64,是,基础版字段定义，后续可按数据库规范细化。
创建时间,,create_time,datetime,,,是,基础版字段定义，后续可按数据库规范细化。
更新人,,update_by,varchar,,64,否,基础版字段定义，后续可按数据库规范细化。
更新时间,,update_time,datetime,,,否,基础版字段定义，后续可按数据库规范细化。
逻辑删除标识,,del_flag,char,sys_del_flag,1,是,0存在 2删除
备注,,remark,varchar,,500,否,基础版字段定义，后续可按数据库规范细化。
SAP物料参考ID,,sap_material_ref_id,bigint,,20,是,主键，建议使用雪花ID或数据库统一ID生成策略。
SAP系统ID,,sap_system_id,bigint,,20,是,基础版字段定义，后续可按数据库规范细化。
SAP物料编码,,sap_material_code,varchar,,64,是,基础版字段定义，后续可按数据库规范细化。
SAP物料名称,,sap_material_name,varchar,,128,是,基础版字段定义，后续可按数据库规范细化。
工厂编码,,plant_code,varchar,,64,是,基础版字段定义，后续可按数据库规范细化。
物料类型,,material_type,varchar,mes_material_type,32,否,基础版字段定义，后续可按数据库规范细化。
基本单位,,base_uom,varchar,mes_uom,20,否,基础版字段定义，后续可按数据库规范细化。
状态,,status,varchar,status_dict,20,是,基础版字段定义，后续可按数据库规范细化。
最后同步时间,,last_sync_time,datetime,,,否,基础版字段定义，后续可按数据库规范细化。
创建人,,create_by,varchar,,64,是,基础版字段定义，后续可按数据库规范细化。
创建时间,,create_time,datetime,,,是,基础版字段定义，后续可按数据库规范细化。
更新人,,update_by,varchar,,64,否,基础版字段定义，后续可按数据库规范细化。
更新时间,,update_time,datetime,,,否,基础版字段定义，后续可按数据库规范细化。
逻辑删除标识,,del_flag,char,sys_del_flag,1,是,0存在 2删除
备注,,remark,varchar,,500,否,基础版字段定义，后续可按数据库规范细化。
SAP BOM参考ID,,sap_bom_ref_id,bigint,,20,是,主键，建议使用雪花ID或数据库统一ID生成策略。
SAP系统ID,,sap_system_id,bigint,,20,是,基础版字段定义，后续可按数据库规范细化。
SAP BOM编号,,sap_bom_no,varchar,,64,是,基础版字段定义，后续可按数据库规范细化。
SAP替代BOM,,sap_bom_alt,varchar,,64,否,基础版字段定义，后续可按数据库规范细化。
工厂编码,,plant_code,varchar,,64,是,基础版字段定义，后续可按数据库规范细化。
BOM用途,,bom_usage,varchar,mes_bom_usage,64,否,基础版字段定义，后续可按数据库规范细化。
物料编码,,material_code,varchar,,64,是,基础版字段定义，后续可按数据库规范细化。
有效开始日期,,valid_from,varchar,,64,否,基础版字段定义，后续可按数据库规范细化。
有效结束日期,,valid_to,varchar,,64,否,基础版字段定义，后续可按数据库规范细化。
状态,,status,varchar,status_dict,20,是,基础版字段定义，后续可按数据库规范细化。
最后同步时间,,last_sync_time,datetime,,,否,基础版字段定义，后续可按数据库规范细化。
创建人,,create_by,varchar,,64,是,基础版字段定义，后续可按数据库规范细化。
创建时间,,create_time,datetime,,,是,基础版字段定义，后续可按数据库规范细化。
更新人,,update_by,varchar,,64,否,基础版字段定义，后续可按数据库规范细化。
更新时间,,update_time,datetime,,,否,基础版字段定义，后续可按数据库规范细化。
逻辑删除标识,,del_flag,char,sys_del_flag,1,是,0存在 2删除
备注,,remark,varchar,,500,否,基础版字段定义，后续可按数据库规范细化。
SAP BOM行参考ID,,sap_bom_item_ref_id,bigint,,20,是,主键，建议使用雪花ID或数据库统一ID生成策略。
SAP BOM参考ID,,sap_bom_ref_id,bigint,,20,是,基础版字段定义，后续可按数据库规范细化。
SAP项目节点号,,sap_item_node_no,varchar,,64,是,基础版字段定义，后续可按数据库规范细化。
SAP项目号,,sap_item_no,varchar,,64,是,基础版字段定义，后续可按数据库规范细化。
组件编码,,component_code,varchar,,64,是,基础版字段定义，后续可按数据库规范细化。
组件数量,,component_qty,decimal,,18,是,基础版字段定义，后续可按数据库规范细化。
组件单位,,component_uom,varchar,mes_uom,20,否,基础版字段定义，后续可按数据库规范细化。
有效开始日期,,valid_from,varchar,,64,否,基础版字段定义，后续可按数据库规范细化。
有效结束日期,,valid_to,varchar,,64,否,基础版字段定义，后续可按数据库规范细化。
项目状态,,item_status,varchar,status_dict,20,是,基础版字段定义，后续可按数据库规范细化。
最后同步时间,,last_sync_time,datetime,,,否,基础版字段定义，后续可按数据库规范细化。
创建人,,create_by,varchar,,64,是,基础版字段定义，后续可按数据库规范细化。
创建时间,,create_time,datetime,,,是,基础版字段定义，后续可按数据库规范细化。
更新人,,update_by,varchar,,64,否,基础版字段定义，后续可按数据库规范细化。
更新时间,,update_time,datetime,,,否,基础版字段定义，后续可按数据库规范细化。
逻辑删除标识,,del_flag,char,sys_del_flag,1,是,0存在 2删除
备注,,remark,varchar,,500,否,基础版字段定义，后续可按数据库规范细化。
SAP工艺路线参考ID,,sap_routing_ref_id,bigint,,20,是,主键，建议使用雪花ID或数据库统一ID生成策略。
SAP系统ID,,sap_system_id,bigint,,20,是,基础版字段定义，后续可按数据库规范细化。
SAP工艺路线组,,sap_routing_group,varchar,,64,否,基础版字段定义，后续可按数据库规范细化。
SAP组计数器,,sap_group_counter,varchar,,64,否,基础版字段定义，后续可按数据库规范细化。
工厂编码,,plant_code,varchar,,64,是,基础版字段定义，后续可按数据库规范细化。
物料编码,,material_code,varchar,,64,是,基础版字段定义，后续可按数据库规范细化。
有效开始日期,,valid_from,varchar,,64,否,基础版字段定义，后续可按数据库规范细化。
有效结束日期,,valid_to,varchar,,64,否,基础版字段定义，后续可按数据库规范细化。
状态,,status,varchar,status_dict,20,是,基础版字段定义，后续可按数据库规范细化。
最后同步时间,,last_sync_time,datetime,,,否,基础版字段定义，后续可按数据库规范细化。
创建人,,create_by,varchar,,64,是,基础版字段定义，后续可按数据库规范细化。
创建时间,,create_time,datetime,,,是,基础版字段定义，后续可按数据库规范细化。
更新人,,update_by,varchar,,64,否,基础版字段定义，后续可按数据库规范细化。
更新时间,,update_time,datetime,,,否,基础版字段定义，后续可按数据库规范细化。
逻辑删除标识,,del_flag,char,sys_del_flag,1,是,0存在 2删除
备注,,remark,varchar,,500,否,基础版字段定义，后续可按数据库规范细化。
SAP工序参考ID,,sap_operation_ref_id,bigint,,20,是,主键，建议使用雪花ID或数据库统一ID生成策略。
SAP工艺路线参考ID,,sap_routing_ref_id,bigint,,20,是,基础版字段定义，后续可按数据库规范细化。
SAP工序号,,sap_operation_no,varchar,,64,是,基础版字段定义，后续可按数据库规范细化。
SAP工作中心编码,,sap_work_center_code,varchar,,64,是,基础版字段定义，后续可按数据库规范细化。
工序说明,,operation_desc,varchar,,64,否,基础版字段定义，后续可按数据库规范细化。
标准工时,,standard_time,decimal,,18,否,基础版字段定义，后续可按数据库规范细化。
时间单位,,time_uom,varchar,mes_uom,20,否,基础版字段定义，后续可按数据库规范细化。
状态,,status,varchar,status_dict,20,是,基础版字段定义，后续可按数据库规范细化。
最后同步时间,,last_sync_time,datetime,,,否,基础版字段定义，后续可按数据库规范细化。
创建人,,create_by,varchar,,64,是,基础版字段定义，后续可按数据库规范细化。
创建时间,,create_time,datetime,,,是,基础版字段定义，后续可按数据库规范细化。
更新人,,update_by,varchar,,64,否,基础版字段定义，后续可按数据库规范细化。
更新时间,,update_time,datetime,,,否,基础版字段定义，后续可按数据库规范细化。
逻辑删除标识,,del_flag,char,sys_del_flag,1,是,0存在 2删除
备注,,remark,varchar,,500,否,基础版字段定义，后续可按数据库规范细化。
SAP工作中心参考ID,,sap_work_center_ref_id,bigint,,20,是,主键，建议使用雪花ID或数据库统一ID生成策略。
SAP系统ID,,sap_system_id,bigint,,20,是,基础版字段定义，后续可按数据库规范细化。
SAP工作中心编码,,sap_work_center_code,varchar,,64,是,基础版字段定义，后续可按数据库规范细化。
工厂编码,,plant_code,varchar,,64,是,基础版字段定义，后续可按数据库规范细化。
工作中心名称,,work_center_name,varchar,,128,是,基础版字段定义，后续可按数据库规范细化。
工作中心类别,,work_center_category,varchar,,64,否,基础版字段定义，后续可按数据库规范细化。
状态,,status,varchar,status_dict,20,是,基础版字段定义，后续可按数据库规范细化。
最后同步时间,,last_sync_time,datetime,,,否,基础版字段定义，后续可按数据库规范细化。
创建人,,create_by,varchar,,64,是,基础版字段定义，后续可按数据库规范细化。
创建时间,,create_time,datetime,,,是,基础版字段定义，后续可按数据库规范细化。
更新人,,update_by,varchar,,64,否,基础版字段定义，后续可按数据库规范细化。
更新时间,,update_time,datetime,,,否,基础版字段定义，后续可按数据库规范细化。
逻辑删除标识,,del_flag,char,sys_del_flag,1,是,0存在 2删除
备注,,remark,varchar,,500,否,基础版字段定义，后续可按数据库规范细化。
SAP生产订单参考ID,,sap_prod_order_ref_id,bigint,,20,是,主键，建议使用雪花ID或数据库统一ID生成策略。
SAP系统ID,,sap_system_id,bigint,,20,是,基础版字段定义，后续可按数据库规范细化。
SAP订单号,,sap_order_no,varchar,,64,是,基础版字段定义，后续可按数据库规范细化。
工厂编码,,plant_code,varchar,,64,是,基础版字段定义，后续可按数据库规范细化。
物料编码,,material_code,varchar,,64,是,基础版字段定义，后续可按数据库规范细化。
工单数量,,order_qty,decimal,,18,是,基础版字段定义，后续可按数据库规范细化。
工单单位,,order_uom,varchar,mes_uom,20,否,基础版字段定义，后续可按数据库规范细化。
基本开始日期,,basic_start_date,date,,,否,基础版字段定义，后续可按数据库规范细化。
基本完成日期,,basic_finish_date,date,,,否,基础版字段定义，后续可按数据库规范细化。
工单状态,,order_status,varchar,mes_order_status,20,是,基础版字段定义，后续可按数据库规范细化。
最后同步时间,,last_sync_time,datetime,,,否,基础版字段定义，后续可按数据库规范细化。
创建人,,create_by,varchar,,64,是,基础版字段定义，后续可按数据库规范细化。
创建时间,,create_time,datetime,,,是,基础版字段定义，后续可按数据库规范细化。
更新人,,update_by,varchar,,64,否,基础版字段定义，后续可按数据库规范细化。
更新时间,,update_time,datetime,,,否,基础版字段定义，后续可按数据库规范细化。
逻辑删除标识,,del_flag,char,sys_del_flag,1,是,0存在 2删除
备注,,remark,varchar,,500,否,基础版字段定义，后续可按数据库规范细化。
SAP工厂映射ID,,sap_plant_map_id,bigint,,20,是,主键，建议使用雪花ID或数据库统一ID生成策略。
SAP工厂参考ID,,sap_plant_ref_id,bigint,,20,是,基础版字段定义，后续可按数据库规范细化。
工厂ID,,plant_id,bigint,,20,是,基础版字段定义，后续可按数据库规范细化。
映射状态,,map_status,varchar,status_dict,20,是,基础版字段定义，后续可按数据库规范细化。
生效开始时间,,effective_from,datetime,,,否,基础版字段定义，后续可按数据库规范细化。
生效结束时间,,effective_to,datetime,,,否,基础版字段定义，后续可按数据库规范细化。
创建人,,create_by,varchar,,64,是,基础版字段定义，后续可按数据库规范细化。
创建时间,,create_time,datetime,,,是,基础版字段定义，后续可按数据库规范细化。
更新人,,update_by,varchar,,64,否,基础版字段定义，后续可按数据库规范细化。
更新时间,,update_time,datetime,,,否,基础版字段定义，后续可按数据库规范细化。
逻辑删除标识,,del_flag,char,sys_del_flag,1,是,0存在 2删除
备注,,remark,varchar,,500,否,基础版字段定义，后续可按数据库规范细化。
SAP物料映射ID,,sap_material_map_id,bigint,,20,是,主键，建议使用雪花ID或数据库统一ID生成策略。
SAP物料参考ID,,sap_material_ref_id,bigint,,20,是,基础版字段定义，后续可按数据库规范细化。
物料ID,,material_id,bigint,,20,是,基础版字段定义，后续可按数据库规范细化。
映射状态,,map_status,varchar,status_dict,20,是,基础版字段定义，后续可按数据库规范细化。
生效开始时间,,effective_from,datetime,,,否,基础版字段定义，后续可按数据库规范细化。
生效结束时间,,effective_to,datetime,,,否,基础版字段定义，后续可按数据库规范细化。
创建人,,create_by,varchar,,64,是,基础版字段定义，后续可按数据库规范细化。
创建时间,,create_time,datetime,,,是,基础版字段定义，后续可按数据库规范细化。
更新人,,update_by,varchar,,64,否,基础版字段定义，后续可按数据库规范细化。
更新时间,,update_time,datetime,,,否,基础版字段定义，后续可按数据库规范细化。
逻辑删除标识,,del_flag,char,sys_del_flag,1,是,0存在 2删除
备注,,remark,varchar,,500,否,基础版字段定义，后续可按数据库规范细化。
SAP BOM映射ID,,sap_bom_map_id,bigint,,20,是,主键，建议使用雪花ID或数据库统一ID生成策略。
SAP BOM参考ID,,sap_bom_ref_id,bigint,,20,是,基础版字段定义，后续可按数据库规范细化。
BOM ID,,bom_id,bigint,,20,是,基础版字段定义，后续可按数据库规范细化。
映射状态,,map_status,varchar,status_dict,20,是,基础版字段定义，后续可按数据库规范细化。
生效开始时间,,effective_from,datetime,,,否,基础版字段定义，后续可按数据库规范细化。
生效结束时间,,effective_to,datetime,,,否,基础版字段定义，后续可按数据库规范细化。
创建人,,create_by,varchar,,64,是,基础版字段定义，后续可按数据库规范细化。
创建时间,,create_time,datetime,,,是,基础版字段定义，后续可按数据库规范细化。
更新人,,update_by,varchar,,64,否,基础版字段定义，后续可按数据库规范细化。
更新时间,,update_time,datetime,,,否,基础版字段定义，后续可按数据库规范细化。
逻辑删除标识,,del_flag,char,sys_del_flag,1,是,0存在 2删除
备注,,remark,varchar,,500,否,基础版字段定义，后续可按数据库规范细化。
SAP BOM行映射ID,,sap_bom_item_map_id,bigint,,20,是,主键，建议使用雪花ID或数据库统一ID生成策略。
SAP BOM行参考ID,,sap_bom_item_ref_id,bigint,,20,是,基础版字段定义，后续可按数据库规范细化。
BOM明细ID,,bom_item_id,bigint,,20,是,基础版字段定义，后续可按数据库规范细化。
映射状态,,map_status,varchar,status_dict,20,是,基础版字段定义，后续可按数据库规范细化。
生效开始时间,,effective_from,datetime,,,否,基础版字段定义，后续可按数据库规范细化。
生效结束时间,,effective_to,datetime,,,否,基础版字段定义，后续可按数据库规范细化。
创建人,,create_by,varchar,,64,是,基础版字段定义，后续可按数据库规范细化。
创建时间,,create_time,datetime,,,是,基础版字段定义，后续可按数据库规范细化。
更新人,,update_by,varchar,,64,否,基础版字段定义，后续可按数据库规范细化。
更新时间,,update_time,datetime,,,否,基础版字段定义，后续可按数据库规范细化。
逻辑删除标识,,del_flag,char,sys_del_flag,1,是,0存在 2删除
备注,,remark,varchar,,500,否,基础版字段定义，后续可按数据库规范细化。
SAP工艺路线映射ID,,sap_routing_map_id,bigint,,20,是,主键，建议使用雪花ID或数据库统一ID生成策略。
SAP工艺路线参考ID,,sap_routing_ref_id,bigint,,20,是,基础版字段定义，后续可按数据库规范细化。
工艺路线ID,,routing_id,bigint,,20,是,基础版字段定义，后续可按数据库规范细化。
映射状态,,map_status,varchar,status_dict,20,是,基础版字段定义，后续可按数据库规范细化。
生效开始时间,,effective_from,datetime,,,否,基础版字段定义，后续可按数据库规范细化。
生效结束时间,,effective_to,datetime,,,否,基础版字段定义，后续可按数据库规范细化。
创建人,,create_by,varchar,,64,是,基础版字段定义，后续可按数据库规范细化。
创建时间,,create_time,datetime,,,是,基础版字段定义，后续可按数据库规范细化。
更新人,,update_by,varchar,,64,否,基础版字段定义，后续可按数据库规范细化。
更新时间,,update_time,datetime,,,否,基础版字段定义，后续可按数据库规范细化。
逻辑删除标识,,del_flag,char,sys_del_flag,1,是,0存在 2删除
备注,,remark,varchar,,500,否,基础版字段定义，后续可按数据库规范细化。
SAP工序映射ID,,sap_operation_map_id,bigint,,20,是,主键，建议使用雪花ID或数据库统一ID生成策略。
SAP工序参考ID,,sap_operation_ref_id,bigint,,20,是,基础版字段定义，后续可按数据库规范细化。
工序ID,,operation_id,bigint,,20,是,基础版字段定义，后续可按数据库规范细化。
映射状态,,map_status,varchar,status_dict,20,是,基础版字段定义，后续可按数据库规范细化。
生效开始时间,,effective_from,datetime,,,否,基础版字段定义，后续可按数据库规范细化。
生效结束时间,,effective_to,datetime,,,否,基础版字段定义，后续可按数据库规范细化。
创建人,,create_by,varchar,,64,是,基础版字段定义，后续可按数据库规范细化。
创建时间,,create_time,datetime,,,是,基础版字段定义，后续可按数据库规范细化。
更新人,,update_by,varchar,,64,否,基础版字段定义，后续可按数据库规范细化。
更新时间,,update_time,datetime,,,否,基础版字段定义，后续可按数据库规范细化。
逻辑删除标识,,del_flag,char,sys_del_flag,1,是,0存在 2删除
备注,,remark,varchar,,500,否,基础版字段定义，后续可按数据库规范细化。
SAP工作中心映射ID,,sap_wc_map_id,bigint,,20,是,主键，建议使用雪花ID或数据库统一ID生成策略。
SAP工作中心参考ID,,sap_work_center_ref_id,bigint,,20,是,基础版字段定义，后续可按数据库规范细化。
工作中心ID,,work_center_id,bigint,,20,是,基础版字段定义，后续可按数据库规范细化。
工厂ID,,plant_id,bigint,,20,是,基础版字段定义，后续可按数据库规范细化。
映射状态,,map_status,varchar,status_dict,20,是,基础版字段定义，后续可按数据库规范细化。
生效开始时间,,effective_from,datetime,,,否,基础版字段定义，后续可按数据库规范细化。
生效结束时间,,effective_to,datetime,,,否,基础版字段定义，后续可按数据库规范细化。
创建人,,create_by,varchar,,64,是,基础版字段定义，后续可按数据库规范细化。
创建时间,,create_time,datetime,,,是,基础版字段定义，后续可按数据库规范细化。
更新人,,update_by,varchar,,64,否,基础版字段定义，后续可按数据库规范细化。
更新时间,,update_time,datetime,,,否,基础版字段定义，后续可按数据库规范细化。
逻辑删除标识,,del_flag,char,sys_del_flag,1,是,0存在 2删除
备注,,remark,varchar,,500,否,基础版字段定义，后续可按数据库规范细化。
SAP生产订单映射ID,,sap_prod_order_map_id,bigint,,20,是,主键，建议使用雪花ID或数据库统一ID生成策略。
SAP生产订单参考ID,,sap_prod_order_ref_id,bigint,,20,是,基础版字段定义，后续可按数据库规范细化。
生产工单ID,,prod_order_id,bigint,,20,是,基础版字段定义，后续可按数据库规范细化。
映射状态,,map_status,varchar,status_dict,20,是,基础版字段定义，后续可按数据库规范细化。
生效开始时间,,effective_from,datetime,,,否,基础版字段定义，后续可按数据库规范细化。
生效结束时间,,effective_to,datetime,,,否,基础版字段定义，后续可按数据库规范细化。
创建人,,create_by,varchar,,64,是,基础版字段定义，后续可按数据库规范细化。
创建时间,,create_time,datetime,,,是,基础版字段定义，后续可按数据库规范细化。
更新人,,update_by,varchar,,64,否,基础版字段定义，后续可按数据库规范细化。
更新时间,,update_time,datetime,,,否,基础版字段定义，后续可按数据库规范细化。
逻辑删除标识,,del_flag,char,sys_del_flag,1,是,0存在 2删除
备注,,remark,varchar,,500,否,基础版字段定义，后续可按数据库规范细化。
设备ID,,equipment_id,bigint,,20,是,主键，建议使用雪花ID或数据库统一ID生成策略。
工厂ID,,plant_id,bigint,,20,是,基础版字段定义，后续可按数据库规范细化。
工作中心ID,,work_center_id,bigint,,20,是,基础版字段定义，后续可按数据库规范细化。
设备编码,,equipment_code,varchar,,64,是,基础版字段定义，后续可按数据库规范细化。
设备名称,,equipment_name,varchar,,128,是,基础版字段定义，后续可按数据库规范细化。
设备类型,,equipment_type,varchar,type_dict,32,否,基础版字段定义，后续可按数据库规范细化。
资产编号,,asset_no,varchar,,64,是,基础版字段定义，后续可按数据库规范细化。
设备状态,,equipment_status,varchar,status_dict,20,是,基础版字段定义，后续可按数据库规范细化。
创建人,,create_by,varchar,,64,是,基础版字段定义，后续可按数据库规范细化。
创建时间,,create_time,datetime,,,是,基础版字段定义，后续可按数据库规范细化。
更新人,,update_by,varchar,,64,否,基础版字段定义，后续可按数据库规范细化。
更新时间,,update_time,datetime,,,否,基础版字段定义，后续可按数据库规范细化。
逻辑删除标识,,del_flag,char,sys_del_flag,1,是,0存在 2删除
备注,,remark,varchar,,500,否,基础版字段定义，后续可按数据库规范细化。
人员ID,,person_id,bigint,,20,是,主键，建议使用雪花ID或数据库统一ID生成策略。
人员编码,,person_code,varchar,,64,是,基础版字段定义，后续可按数据库规范细化。
人员姓名,,person_name,varchar,,128,是,基础版字段定义，后续可按数据库规范细化。
人员类型,,person_type,varchar,type_dict,32,否,基础版字段定义，后续可按数据库规范细化。
部门编码,,dept_code,varchar,,64,是,基础版字段定义，后续可按数据库规范细化。
电话,,phone,varchar,,64,否,基础版字段定义，后续可按数据库规范细化。
邮箱,,email,varchar,,64,否,基础版字段定义，后续可按数据库规范细化。
状态,,status,varchar,status_dict,20,是,基础版字段定义，后续可按数据库规范细化。
创建人,,create_by,varchar,,64,是,基础版字段定义，后续可按数据库规范细化。
创建时间,,create_time,datetime,,,是,基础版字段定义，后续可按数据库规范细化。
更新人,,update_by,varchar,,64,否,基础版字段定义，后续可按数据库规范细化。
更新时间,,update_time,datetime,,,否,基础版字段定义，后续可按数据库规范细化。
逻辑删除标识,,del_flag,char,sys_del_flag,1,是,0存在 2删除
备注,,remark,varchar,,500,否,基础版字段定义，后续可按数据库规范细化。
工作中心人员关系ID,,wc_person_map_id,bigint,,20,是,主键，建议使用雪花ID或数据库统一ID生成策略。
工作中心ID,,work_center_id,bigint,,20,是,基础版字段定义，后续可按数据库规范细化。
人员ID,,person_id,bigint,,20,是,基础版字段定义，后续可按数据库规范细化。
角色类型,,role_type,varchar,type_dict,32,否,基础版字段定义，后续可按数据库规范细化。
生效开始时间,,effective_from,datetime,,,否,基础版字段定义，后续可按数据库规范细化。
生效结束时间,,effective_to,datetime,,,否,基础版字段定义，后续可按数据库规范细化。
状态,,status,varchar,status_dict,20,是,基础版字段定义，后续可按数据库规范细化。
创建人,,create_by,varchar,,64,是,基础版字段定义，后续可按数据库规范细化。
创建时间,,create_time,datetime,,,是,基础版字段定义，后续可按数据库规范细化。
更新人,,update_by,varchar,,64,否,基础版字段定义，后续可按数据库规范细化。
更新时间,,update_time,datetime,,,否,基础版字段定义，后续可按数据库规范细化。
逻辑删除标识,,del_flag,char,sys_del_flag,1,是,0存在 2删除
备注,,remark,varchar,,500,否,基础版字段定义，后续可按数据库规范细化。
工装ID,,tooling_id,bigint,,20,是,主键，建议使用雪花ID或数据库统一ID生成策略。
工装编码,,tooling_code,varchar,,64,是,基础版字段定义，后续可按数据库规范细化。
工装名称,,tooling_name,varchar,,128,是,基础版字段定义，后续可按数据库规范细化。
工装类型,,tooling_type,varchar,type_dict,32,否,基础版字段定义，后续可按数据库规范细化。
规格型号,,spec_model,varchar,,64,否,基础版字段定义，后续可按数据库规范细化。
所属部门,,owner_dept,varchar,,64,否,基础版字段定义，后续可按数据库规范细化。
状态,,status,varchar,status_dict,20,是,基础版字段定义，后续可按数据库规范细化。
创建人,,create_by,varchar,,64,是,基础版字段定义，后续可按数据库规范细化。
创建时间,,create_time,datetime,,,是,基础版字段定义，后续可按数据库规范细化。
更新人,,update_by,varchar,,64,否,基础版字段定义，后续可按数据库规范细化。
更新时间,,update_time,datetime,,,否,基础版字段定义，后续可按数据库规范细化。
逻辑删除标识,,del_flag,char,sys_del_flag,1,是,0存在 2删除
备注,,remark,varchar,,500,否,基础版字段定义，后续可按数据库规范细化。
夹具ID,,fixture_id,bigint,,20,是,主键，建议使用雪花ID或数据库统一ID生成策略。
夹具编码,,fixture_code,varchar,,64,是,基础版字段定义，后续可按数据库规范细化。
夹具名称,,fixture_name,varchar,,128,是,基础版字段定义，后续可按数据库规范细化。
夹具类型,,fixture_type,varchar,type_dict,32,否,基础版字段定义，后续可按数据库规范细化。
规格型号,,spec_model,varchar,,64,否,基础版字段定义，后续可按数据库规范细化。
所属部门,,owner_dept,varchar,,64,否,基础版字段定义，后续可按数据库规范细化。
状态,,status,varchar,status_dict,20,是,基础版字段定义，后续可按数据库规范细化。
创建人,,create_by,varchar,,64,是,基础版字段定义，后续可按数据库规范细化。
创建时间,,create_time,datetime,,,是,基础版字段定义，后续可按数据库规范细化。
更新人,,update_by,varchar,,64,否,基础版字段定义，后续可按数据库规范细化。
更新时间,,update_time,datetime,,,否,基础版字段定义，后续可按数据库规范细化。
逻辑删除标识,,del_flag,char,sys_del_flag,1,是,0存在 2删除
备注,,remark,varchar,,500,否,基础版字段定义，后续可按数据库规范细化。
替代组ID,,bom_sub_group_id,bigint,,20,是,主键，建议使用雪花ID或数据库统一ID生成策略。
BOM明细ID,,bom_item_id,bigint,,20,是,基础版字段定义，后续可按数据库规范细化。
组编码,,group_code,varchar,,64,是,基础版字段定义，后续可按数据库规范细化。
组名称,,group_name,varchar,,128,是,基础版字段定义，后续可按数据库规范细化。
替代类型,,substitution_type,varchar,type_dict,32,否,基础版字段定义，后续可按数据库规范细化。
优先级规则,,priority_rule,varchar,,64,否,基础版字段定义，后续可按数据库规范细化。
是否需要审批,,approval_required_flag,char,sys_yes_no,1,是,基础版字段定义，后续可按数据库规范细化。
状态,,status,varchar,status_dict,20,是,基础版字段定义，后续可按数据库规范细化。
创建人,,create_by,varchar,,64,是,基础版字段定义，后续可按数据库规范细化。
创建时间,,create_time,datetime,,,是,基础版字段定义，后续可按数据库规范细化。
更新人,,update_by,varchar,,64,否,基础版字段定义，后续可按数据库规范细化。
更新时间,,update_time,datetime,,,否,基础版字段定义，后续可按数据库规范细化。
逻辑删除标识,,del_flag,char,sys_del_flag,1,是,0存在 2删除
备注,,remark,varchar,,500,否,基础版字段定义，后续可按数据库规范细化。
替代料明细ID,,bom_sub_item_id,bigint,,20,是,主键，建议使用雪花ID或数据库统一ID生成策略。
替代组ID,,bom_sub_group_id,bigint,,20,是,基础版字段定义，后续可按数据库规范细化。
替代物料ID,,sub_material_id,bigint,,20,是,基础版字段定义，后续可按数据库规范细化。
优先级,,priority_no,varchar,,64,是,基础版字段定义，后续可按数据库规范细化。
替代数量,,sub_qty,decimal,,18,是,基础版字段定义，后续可按数据库规范细化。
替代单位,,sub_uom,varchar,mes_uom,20,否,基础版字段定义，后续可按数据库规范细化。
生效开始时间,,effective_from,datetime,,,否,基础版字段定义，后续可按数据库规范细化。
生效结束时间,,effective_to,datetime,,,否,基础版字段定义，后续可按数据库规范细化。
审批状态,,approval_status,varchar,mes_approval_status,20,是,基础版字段定义，后续可按数据库规范细化。
状态,,status,varchar,status_dict,20,是,基础版字段定义，后续可按数据库规范细化。
创建人,,create_by,varchar,,64,是,基础版字段定义，后续可按数据库规范细化。
创建时间,,create_time,datetime,,,是,基础版字段定义，后续可按数据库规范细化。
更新人,,update_by,varchar,,64,否,基础版字段定义，后续可按数据库规范细化。
更新时间,,update_time,datetime,,,否,基础版字段定义，后续可按数据库规范细化。
逻辑删除标识,,del_flag,char,sys_del_flag,1,是,0存在 2删除
备注,,remark,varchar,,500,否,基础版字段定义，后续可按数据库规范细化。
切换规则ID,,cutover_rule_id,bigint,,20,是,主键，建议使用雪花ID或数据库统一ID生成策略。
BOM明细ID,,bom_item_id,bigint,,20,是,基础版字段定义，后续可按数据库规范细化。
原物料ID,,from_material_id,bigint,,20,是,基础版字段定义，后续可按数据库规范细化。
新物料ID,,to_material_id,bigint,,20,是,基础版字段定义，后续可按数据库规范细化。
切换类型,,cutover_type,varchar,type_dict,32,否,基础版字段定义，后续可按数据库规范细化。
触发类型,,trigger_type,varchar,type_dict,32,否,基础版字段定义，后续可按数据库规范细化。
触发值,,trigger_value,varchar,,64,否,基础版字段定义，后续可按数据库规范细化。
生效开始时间,,effective_from,datetime,,,否,基础版字段定义，后续可按数据库规范细化。
生效结束时间,,effective_to,datetime,,,否,基础版字段定义，后续可按数据库规范细化。
规则状态,,rule_status,varchar,status_dict,20,是,基础版字段定义，后续可按数据库规范细化。
创建人,,create_by,varchar,,64,是,基础版字段定义，后续可按数据库规范细化。
创建时间,,create_time,datetime,,,是,基础版字段定义，后续可按数据库规范细化。
更新人,,update_by,varchar,,64,否,基础版字段定义，后续可按数据库规范细化。
更新时间,,update_time,datetime,,,否,基础版字段定义，后续可按数据库规范细化。
逻辑删除标识,,del_flag,char,sys_del_flag,1,是,0存在 2删除
备注,,remark,varchar,,500,否,基础版字段定义，后续可按数据库规范细化。
切换执行ID,,cutover_exec_id,bigint,,20,是,主键，建议使用雪花ID或数据库统一ID生成策略。
切换规则ID,,cutover_rule_id,bigint,,20,是,基础版字段定义，后续可按数据库规范细化。
生产工单ID,,prod_order_id,bigint,,20,是,基础版字段定义，后续可按数据库规范细化。
工单组件ID,,order_component_id,bigint,,20,是,基础版字段定义，后续可按数据库规范细化。
原物料ID,,from_material_id,bigint,,20,是,基础版字段定义，后续可按数据库规范细化。
新物料ID,,to_material_id,bigint,,20,是,基础版字段定义，后续可按数据库规范细化。
触发值,,trigger_value,varchar,,64,否,基础版字段定义，后续可按数据库规范细化。
执行时间,,exec_time,datetime,,,否,基础版字段定义，后续可按数据库规范细化。
执行结果,,exec_result,varchar,,64,否,基础版字段定义，后续可按数据库规范细化。
创建人,,create_by,varchar,,64,是,基础版字段定义，后续可按数据库规范细化。
创建时间,,create_time,datetime,,,是,基础版字段定义，后续可按数据库规范细化。
逻辑删除标识,,del_flag,char,sys_del_flag,1,是,0存在 2删除
备注,,remark,varchar,,500,否,基础版字段定义，后续可按数据库规范细化。
工序关系ID,,op_relation_id,bigint,,20,是,主键，建议使用雪花ID或数据库统一ID生成策略。
工艺路线ID,,routing_id,bigint,,20,是,基础版字段定义，后续可按数据库规范细化。
前置工序ID,,pre_operation_id,bigint,,20,是,基础版字段定义，后续可按数据库规范细化。
后续工序ID,,next_operation_id,bigint,,20,是,基础版字段定义，后续可按数据库规范细化。
关系类型,,relation_type,varchar,type_dict,32,否,基础版字段定义，后续可按数据库规范细化。
汇合方式,,join_type,varchar,type_dict,32,否,基础版字段定义，后续可按数据库规范细化。
间隔时间,,lag_time,decimal,,18,否,基础版字段定义，后续可按数据库规范细化。
状态,,status,varchar,status_dict,20,是,基础版字段定义，后续可按数据库规范细化。
创建人,,create_by,varchar,,64,是,基础版字段定义，后续可按数据库规范细化。
创建时间,,create_time,datetime,,,是,基础版字段定义，后续可按数据库规范细化。
更新人,,update_by,varchar,,64,否,基础版字段定义，后续可按数据库规范细化。
更新时间,,update_time,datetime,,,否,基础版字段定义，后续可按数据库规范细化。
逻辑删除标识,,del_flag,char,sys_del_flag,1,是,0存在 2删除
备注,,remark,varchar,,500,否,基础版字段定义，后续可按数据库规范细化。
工序资源ID,,op_res_id,bigint,,20,是,主键，建议使用雪花ID或数据库统一ID生成策略。
工序ID,,operation_id,bigint,,20,是,基础版字段定义，后续可按数据库规范细化。
资源类型,,resource_type,varchar,mes_operation_resource_type,32,是,资源类型：EQUIPMENT设备、TOOLING工装、FIXTURE夹具等。
设备ID,,equipment_id,bigint,,20,否,资源类型为设备时使用。
工装ID,,tooling_id,bigint,,20,否,资源类型为工装时使用。
夹具ID,,fixture_id,bigint,,20,否,资源类型为夹具时使用。
资源ID,,resource_id,bigint,,20,否,兼容字段，按resource_type记录资源主键；新开发优先使用equipment_id/tooling_id/fixture_id明确外键。
资源编码,,resource_code,varchar,,64,是,基础版字段定义，后续可按数据库规范细化。
资源名称,,resource_name,varchar,,128,是,基础版字段定义，后续可按数据库规范细化。
需求数量,,required_qty,decimal,,18,是,基础版字段定义，后续可按数据库规范细化。
资源单位,,resource_uom,varchar,mes_uom,20,否,基础版字段定义，后续可按数据库规范细化。
是否必需,,mandatory_flag,char,sys_yes_no,1,是,基础版字段定义，后续可按数据库规范细化。
状态,,status,varchar,status_dict,20,是,基础版字段定义，后续可按数据库规范细化。
创建人,,create_by,varchar,,64,是,基础版字段定义，后续可按数据库规范细化。
创建时间,,create_time,datetime,,,是,基础版字段定义，后续可按数据库规范细化。
更新人,,update_by,varchar,,64,否,基础版字段定义，后续可按数据库规范细化。
更新时间,,update_time,datetime,,,否,基础版字段定义，后续可按数据库规范细化。
逻辑删除标识,,del_flag,char,sys_del_flag,1,是,0存在 2删除
备注,,remark,varchar,,500,否,基础版字段定义，后续可按数据库规范细化。
工序参数ID,,op_param_id,bigint,,20,是,主键，建议使用雪花ID或数据库统一ID生成策略。
工序ID,,operation_id,bigint,,20,是,基础版字段定义，后续可按数据库规范细化。
参数编码,,param_code,varchar,,64,是,基础版字段定义，后续可按数据库规范细化。
参数名称,,param_name,varchar,,128,是,基础版字段定义，后续可按数据库规范细化。
参数值,,param_value,varchar,,64,否,基础版字段定义，后续可按数据库规范细化。
参数单位,,param_uom,varchar,mes_uom,20,否,基础版字段定义，后续可按数据库规范细化。
上限值,,upper_limit,decimal,,18,否,基础版字段定义，后续可按数据库规范细化。
下限值,,lower_limit,decimal,,18,否,基础版字段定义，后续可按数据库规范细化。
控制类型,,control_type,varchar,type_dict,32,否,基础版字段定义，后续可按数据库规范细化。
状态,,status,varchar,status_dict,20,是,基础版字段定义，后续可按数据库规范细化。
创建人,,create_by,varchar,,64,是,基础版字段定义，后续可按数据库规范细化。
创建时间,,create_time,datetime,,,是,基础版字段定义，后续可按数据库规范细化。
更新人,,update_by,varchar,,64,否,基础版字段定义，后续可按数据库规范细化。
更新时间,,update_time,datetime,,,否,基础版字段定义，后续可按数据库规范细化。
逻辑删除标识,,del_flag,char,sys_del_flag,1,是,0存在 2删除
备注,,remark,varchar,,500,否,基础版字段定义，后续可按数据库规范细化。
工序文档ID,,op_doc_id,bigint,,20,是,主键，建议使用雪花ID或数据库统一ID生成策略。
工序ID,,operation_id,bigint,,20,是,基础版字段定义，后续可按数据库规范细化。
文档编码,,doc_code,varchar,,64,是,基础版字段定义，后续可按数据库规范细化。
文档名称,,doc_name,varchar,,128,是,基础版字段定义，后续可按数据库规范细化。
文档类型,,doc_type,varchar,type_dict,32,否,基础版字段定义，后续可按数据库规范细化。
文档版本,,doc_version,varchar,,32,是,基础版字段定义，后续可按数据库规范细化。
文档地址,,doc_url,varchar,,500,否,基础版字段定义，后续可按数据库规范细化。
是否必需,,mandatory_flag,char,sys_yes_no,1,是,基础版字段定义，后续可按数据库规范细化。
状态,,status,varchar,status_dict,20,是,基础版字段定义，后续可按数据库规范细化。
创建人,,create_by,varchar,,64,是,基础版字段定义，后续可按数据库规范细化。
创建时间,,create_time,datetime,,,是,基础版字段定义，后续可按数据库规范细化。
更新人,,update_by,varchar,,64,否,基础版字段定义，后续可按数据库规范细化。
更新时间,,update_time,datetime,,,否,基础版字段定义，后续可按数据库规范细化。
逻辑删除标识,,del_flag,char,sys_del_flag,1,是,0存在 2删除
备注,,remark,varchar,,500,否,基础版字段定义，后续可按数据库规范细化。
检验方案ID,,insp_plan_id,bigint,,20,是,主键，建议使用雪花ID或数据库统一ID生成策略。
检验方案编码,,insp_plan_code,varchar,,64,是,基础版字段定义，后续可按数据库规范细化。
检验方案名称,,insp_plan_name,varchar,,128,是,基础版字段定义，后续可按数据库规范细化。
检验方案版本,,insp_plan_version,varchar,,32,是,基础版字段定义，后续可按数据库规范细化。
检验类型,,insp_type,varchar,type_dict,32,否,基础版字段定义，后续可按数据库规范细化。
生效开始时间,,effective_from,datetime,,,否,基础版字段定义，后续可按数据库规范细化。
生效结束时间,,effective_to,datetime,,,否,基础版字段定义，后续可按数据库规范细化。
方案状态,,plan_status,varchar,mes_schedule_status,20,是,基础版字段定义，后续可按数据库规范细化。
创建人,,create_by,varchar,,64,是,基础版字段定义，后续可按数据库规范细化。
创建时间,,create_time,datetime,,,是,基础版字段定义，后续可按数据库规范细化。
更新人,,update_by,varchar,,64,否,基础版字段定义，后续可按数据库规范细化。
更新时间,,update_time,datetime,,,否,基础版字段定义，后续可按数据库规范细化。
逻辑删除标识,,del_flag,char,sys_del_flag,1,是,0存在 2删除
备注,,remark,varchar,,500,否,基础版字段定义，后续可按数据库规范细化。
检验特性ID,,insp_char_id,bigint,,20,是,主键，建议使用雪花ID或数据库统一ID生成策略。
检验方案ID,,insp_plan_id,bigint,,20,是,基础版字段定义，后续可按数据库规范细化。
检验项目编码,,char_code,varchar,,64,是,基础版字段定义，后续可按数据库规范细化。
检验项目名称,,char_name,varchar,,128,是,基础版字段定义，后续可按数据库规范细化。
检验项目类型,,char_type,varchar,type_dict,32,否,基础版字段定义，后续可按数据库规范细化。
标准值,,standard_value,decimal,,18,否,基础版字段定义，后续可按数据库规范细化。
上限值,,upper_limit,decimal,,18,否,基础版字段定义，后续可按数据库规范细化。
下限值,,lower_limit,decimal,,18,否,基础版字段定义，后续可按数据库规范细化。
单位,,uom,varchar,mes_uom,20,否,基础版字段定义，后续可按数据库规范细化。
抽样数量,,sample_qty,decimal,,18,是,基础版字段定义，后续可按数据库规范细化。
状态,,status,varchar,status_dict,20,是,基础版字段定义，后续可按数据库规范细化。
创建人,,create_by,varchar,,64,是,基础版字段定义，后续可按数据库规范细化。
创建时间,,create_time,datetime,,,是,基础版字段定义，后续可按数据库规范细化。
更新人,,update_by,varchar,,64,否,基础版字段定义，后续可按数据库规范细化。
更新时间,,update_time,datetime,,,否,基础版字段定义，后续可按数据库规范细化。
逻辑删除标识,,del_flag,char,sys_del_flag,1,是,0存在 2删除
备注,,remark,varchar,,500,否,基础版字段定义，后续可按数据库规范细化。
工序检验关系ID,,op_insp_map_id,bigint,,20,是,主键，建议使用雪花ID或数据库统一ID生成策略。
工序ID,,operation_id,bigint,,20,是,基础版字段定义，后续可按数据库规范细化。
检验方案ID,,insp_plan_id,bigint,,20,是,基础版字段定义，后续可按数据库规范细化。
检验特性ID,,insp_char_id,bigint,,20,是,基础版字段定义，后续可按数据库规范细化。
检验阶段,,inspection_stage,varchar,mes_inspection_stage,64,否,检验阶段字典。
是否必需,,mandatory_flag,char,sys_yes_no,1,是,基础版字段定义，后续可按数据库规范细化。
状态,,status,varchar,status_dict,20,是,基础版字段定义，后续可按数据库规范细化。
创建人,,create_by,varchar,,64,是,基础版字段定义，后续可按数据库规范细化。
创建时间,,create_time,datetime,,,是,基础版字段定义，后续可按数据库规范细化。
更新人,,update_by,varchar,,64,否,基础版字段定义，后续可按数据库规范细化。
更新时间,,update_time,datetime,,,否,基础版字段定义，后续可按数据库规范细化。
逻辑删除标识,,del_flag,char,sys_del_flag,1,是,0存在 2删除
备注,,remark,varchar,,500,否,基础版字段定义，后续可按数据库规范细化。
派工ID,,dispatch_id,bigint,,20,是,主键，建议使用雪花ID或数据库统一ID生成策略。
生产工单ID,,prod_order_id,bigint,,20,是,基础版字段定义，后续可按数据库规范细化。
工单工序ID,,order_op_id,bigint,,20,是,基础版字段定义，后续可按数据库规范细化。
工作中心ID,,work_center_id,bigint,,20,是,基础版字段定义，后续可按数据库规范细化。
人员ID,,person_id,bigint,,20,是,基础版字段定义，后续可按数据库规范细化。
设备ID,,equipment_id,bigint,,20,是,基础版字段定义，后续可按数据库规范细化。
派工数量,,dispatch_qty,decimal,,18,是,基础版字段定义，后续可按数据库规范细化。
计划开始时间,,planned_start_time,datetime,,,否,基础版字段定义，后续可按数据库规范细化。
计划结束时间,,planned_end_time,datetime,,,否,基础版字段定义，后续可按数据库规范细化。
派工状态,,dispatch_status,varchar,status_dict,20,是,基础版字段定义，后续可按数据库规范细化。
创建人,,create_by,varchar,,64,是,基础版字段定义，后续可按数据库规范细化。
创建时间,,create_time,datetime,,,是,基础版字段定义，后续可按数据库规范细化。
更新人,,update_by,varchar,,64,否,基础版字段定义，后续可按数据库规范细化。
更新时间,,update_time,datetime,,,否,基础版字段定义，后续可按数据库规范细化。
逻辑删除标识,,del_flag,char,sys_del_flag,1,是,0存在 2删除
备注,,remark,varchar,,500,否,基础版字段定义，后续可按数据库规范细化。
报工人工明细ID,,report_labor_id,bigint,,20,是,主键，建议使用雪花ID或数据库统一ID生成策略。
报工ID,,report_id,bigint,,20,是,基础版字段定义，后续可按数据库规范细化。
人员ID,,person_id,bigint,,20,是,基础版字段定义，后续可按数据库规范细化。
人工类型,,labor_type,varchar,type_dict,32,否,基础版字段定义，后续可按数据库规范细化。
工时,,work_hours,decimal,,18,否,基础版字段定义，后续可按数据库规范细化。
开始时间,,start_time,datetime,,,否,基础版字段定义，后续可按数据库规范细化。
结束时间,,end_time,datetime,,,否,基础版字段定义，后续可按数据库规范细化。
状态,,status,varchar,status_dict,20,是,基础版字段定义，后续可按数据库规范细化。
创建人,,create_by,varchar,,64,是,基础版字段定义，后续可按数据库规范细化。
创建时间,,create_time,datetime,,,是,基础版字段定义，后续可按数据库规范细化。
更新人,,update_by,varchar,,64,否,基础版字段定义，后续可按数据库规范细化。
更新时间,,update_time,datetime,,,否,基础版字段定义，后续可按数据库规范细化。
逻辑删除标识,,del_flag,char,sys_del_flag,1,是,0存在 2删除
备注,,remark,varchar,,500,否,基础版字段定义，后续可按数据库规范细化。
报工设备明细ID,,report_equipment_id,bigint,,20,是,主键，建议使用雪花ID或数据库统一ID生成策略。
报工ID,,report_id,bigint,,20,是,基础版字段定义，后续可按数据库规范细化。
设备ID,,equipment_id,bigint,,20,是,基础版字段定义，后续可按数据库规范细化。
运行时长,,run_hours,decimal,,18,否,基础版字段定义，后续可按数据库规范细化。
开始时间,,start_time,datetime,,,否,基础版字段定义，后续可按数据库规范细化。
结束时间,,end_time,datetime,,,否,基础版字段定义，后续可按数据库规范细化。
设备状态,,equipment_status,varchar,status_dict,20,是,基础版字段定义，后续可按数据库规范细化。
创建人,,create_by,varchar,,64,是,基础版字段定义，后续可按数据库规范细化。
创建时间,,create_time,datetime,,,是,基础版字段定义，后续可按数据库规范细化。
更新人,,update_by,varchar,,64,否,基础版字段定义，后续可按数据库规范细化。
更新时间,,update_time,datetime,,,否,基础版字段定义，后续可按数据库规范细化。
逻辑删除标识,,del_flag,char,sys_del_flag,1,是,0存在 2删除
备注,,remark,varchar,,500,否,基础版字段定义，后续可按数据库规范细化。
缺陷代码ID,,defect_code_id,bigint,,20,是,主键，建议使用雪花ID或数据库统一ID生成策略。
缺陷编码,,defect_code,varchar,,64,是,基础版字段定义，后续可按数据库规范细化。
缺陷名称,,defect_name,varchar,,128,是,基础版字段定义，后续可按数据库规范细化。
缺陷类型,,defect_type,varchar,type_dict,32,否,基础版字段定义，后续可按数据库规范细化。
严重等级,,severity_level,varchar,mes_severity_level,64,否,严重等级字典。
状态,,status,varchar,status_dict,20,是,基础版字段定义，后续可按数据库规范细化。
创建人,,create_by,varchar,,64,是,基础版字段定义，后续可按数据库规范细化。
创建时间,,create_time,datetime,,,是,基础版字段定义，后续可按数据库规范细化。
更新人,,update_by,varchar,,64,否,基础版字段定义，后续可按数据库规范细化。
更新时间,,update_time,datetime,,,否,基础版字段定义，后续可按数据库规范细化。
逻辑删除标识,,del_flag,char,sys_del_flag,1,是,0存在 2删除
备注,,remark,varchar,,500,否,基础版字段定义，后续可按数据库规范细化。
生产不良ID,,prod_defect_id,bigint,,20,是,主键，建议使用雪花ID或数据库统一ID生成策略。
生产工单ID,,prod_order_id,bigint,,20,是,基础版字段定义，后续可按数据库规范细化。
工单工序ID,,order_op_id,bigint,,20,是,基础版字段定义，后续可按数据库规范细化。
工序执行ID,,op_exec_id,bigint,,20,是,基础版字段定义，后续可按数据库规范细化。
报工ID,,report_id,bigint,,20,是,基础版字段定义，后续可按数据库规范细化。
缺陷代码ID,,defect_code_id,bigint,,20,是,基础版字段定义，后续可按数据库规范细化。
不良数量,,defect_qty,decimal,,18,是,基础版字段定义，后续可按数据库规范细化。
不良描述,,defect_desc,varchar,,500,否,基础版字段定义，后续可按数据库规范细化。
处置结果,,disposition_result,varchar,,64,否,基础版字段定义，后续可按数据库规范细化。
状态,,status,varchar,status_dict,20,是,基础版字段定义，后续可按数据库规范细化。
创建人,,create_by,varchar,,64,是,基础版字段定义，后续可按数据库规范细化。
创建时间,,create_time,datetime,,,是,基础版字段定义，后续可按数据库规范细化。
更新人,,update_by,varchar,,64,否,基础版字段定义，后续可按数据库规范细化。
更新时间,,update_time,datetime,,,否,基础版字段定义，后续可按数据库规范细化。
逻辑删除标识,,del_flag,char,sys_del_flag,1,是,0存在 2删除
备注,,remark,varchar,,500,否,基础版字段定义，后续可按数据库规范细化。
检验结果ID,,insp_result_id,bigint,,20,是,主键，建议使用雪花ID或数据库统一ID生成策略。
生产工单ID,,prod_order_id,bigint,,20,是,基础版字段定义，后续可按数据库规范细化。
工单工序ID,,order_op_id,bigint,,20,是,基础版字段定义，后续可按数据库规范细化。
工序执行ID,,op_exec_id,bigint,,20,是,基础版字段定义，后续可按数据库规范细化。
检验方案ID,,insp_plan_id,bigint,,20,是,基础版字段定义，后续可按数据库规范细化。
检验特性ID,,insp_char_id,bigint,,20,是,基础版字段定义，后续可按数据库规范细化。
样本号,,sample_no,varchar,,64,是,基础版字段定义，后续可按数据库规范细化。
实际值,,actual_value,varchar,,64,否,基础版字段定义，后续可按数据库规范细化。
检验判定,,result_judgement,varchar,mes_inspection_judgement,64,否,检验判定字典。
检验员ID,,inspector_id,bigint,,20,是,基础版字段定义，后续可按数据库规范细化。
检验时间,,inspection_time,datetime,,,否,基础版字段定义，后续可按数据库规范细化。
创建人,,create_by,varchar,,64,是,基础版字段定义，后续可按数据库规范细化。
创建时间,,create_time,datetime,,,是,基础版字段定义，后续可按数据库规范细化。
更新人,,update_by,varchar,,64,否,基础版字段定义，后续可按数据库规范细化。
更新时间,,update_time,datetime,,,否,基础版字段定义，后续可按数据库规范细化。
逻辑删除标识,,del_flag,char,sys_del_flag,1,是,0存在 2删除
备注,,remark,varchar,,500,否,基础版字段定义，后续可按数据库规范细化。
工序跟踪ID,,op_track_id,bigint,,20,是,主键，建议使用雪花ID或数据库统一ID生成策略。
生产工单ID,,prod_order_id,bigint,,20,是,基础版字段定义，后续可按数据库规范细化。
工单工序ID,,order_op_id,bigint,,20,是,基础版字段定义，后续可按数据库规范细化。
工序执行ID,,op_exec_id,bigint,,20,是,基础版字段定义，后续可按数据库规范细化。
跟踪类型,,track_type,varchar,type_dict,32,否,基础版字段定义，后续可按数据库规范细化。
跟踪内容,,track_content,varchar,,500,否,基础版字段定义，后续可按数据库规范细化。
跟踪时间,,track_time,datetime,,,否,基础版字段定义，后续可按数据库规范细化。
操作人ID,,operator_id,bigint,,20,是,基础版字段定义，后续可按数据库规范细化。
来源模块,,source_module,varchar,,64,否,基础版字段定义，后续可按数据库规范细化。
创建人,,create_by,varchar,,64,是,基础版字段定义，后续可按数据库规范细化。
创建时间,,create_time,datetime,,,是,基础版字段定义，后续可按数据库规范细化。
逻辑删除标识,,del_flag,char,sys_del_flag,1,是,0存在 2删除
备注,,remark,varchar,,500,否,基础版字段定义，后续可按数据库规范细化。
退料记录ID,,op_return_id,bigint,,20,是,主键，建议使用雪花ID或数据库统一ID生成策略。
生产工单ID,,prod_order_id,bigint,,20,是,基础版字段定义，后续可按数据库规范细化。
工单工序ID,,order_op_id,bigint,,20,是,基础版字段定义，后续可按数据库规范细化。
工序执行ID,,op_exec_id,bigint,,20,是,基础版字段定义，后续可按数据库规范细化。
工单组件ID,,order_component_id,bigint,,20,是,基础版字段定义，后续可按数据库规范细化。
物料ID,,material_id,bigint,,20,是,基础版字段定义，后续可按数据库规范细化。
物料批次ID,,material_lot_id,bigint,,20,是,基础版字段定义，后续可按数据库规范细化。
退料数量,,return_qty,decimal,,18,是,基础版字段定义，后续可按数据库规范细化。
退料单位,,return_uom,varchar,mes_uom,20,否,基础版字段定义，后续可按数据库规范细化。
退料原因,,return_reason,varchar,mes_return_reason,64,否,退料原因字典。
退料时间,,return_time,datetime,,,否,基础版字段定义，后续可按数据库规范细化。
创建人,,create_by,varchar,,64,是,基础版字段定义，后续可按数据库规范细化。
创建时间,,create_time,datetime,,,是,基础版字段定义，后续可按数据库规范细化。
更新人,,update_by,varchar,,64,否,基础版字段定义，后续可按数据库规范细化。
更新时间,,update_time,datetime,,,否,基础版字段定义，后续可按数据库规范细化。
逻辑删除标识,,del_flag,char,sys_del_flag,1,是,0存在 2删除
备注,,remark,varchar,,500,否,基础版字段定义，后续可按数据库规范细化。
接口消息ID,,interface_msg_id,bigint,,20,是,主键，建议使用雪花ID或数据库统一ID生成策略。
接口编码,,interface_code,varchar,,64,是,基础版字段定义，后续可按数据库规范细化。
业务类型,,business_type,varchar,type_dict,32,否,基础版字段定义，后续可按数据库规范细化。
业务键,,business_key,varchar,,64,否,基础版字段定义，后续可按数据库规范细化。
接口方向,,direction,varchar,mes_interface_direction,64,否,接口方向字典。
来源系统,,source_system,varchar,,64,否,基础版字段定义，后续可按数据库规范细化。
目标系统,,target_system,varchar,,64,否,基础版字段定义，后续可按数据库规范细化。
消息内容,,message_body,varchar,,500,否,基础版字段定义，后续可按数据库规范细化。
消息状态,,message_status,varchar,mes_interface_message_status,20,是,基础版字段定义，后续可按数据库规范细化。
重试次数,,retry_count,int,,11,否,基础版字段定义，后续可按数据库规范细化。
错误信息,,error_message,varchar,,500,否,基础版字段定义，后续可按数据库规范细化。
创建时间,,create_time,datetime,,,是,基础版字段定义，后续可按数据库规范细化。
更新时间,,update_time,datetime,,,否,基础版字段定义，后续可按数据库规范细化。
逻辑删除标识,,del_flag,char,sys_del_flag,1,是,0存在 2删除
备注,,remark,varchar,,500,否,基础版字段定义，后续可按数据库规范细化。
供应商ID,,supplier_id,bigint,,20,是,主键，建议使用雪花ID或数据库统一ID生成策略。
供应商编码,,supplier_code,varchar,,64,是,基础版字段定义，后续可按数据库规范细化。
供应商名称,,supplier_name,varchar,,128,是,基础版字段定义，后续可按数据库规范细化。
供应商类型,,supplier_type,varchar,type_dict,32,否,基础版字段定义，后续可按数据库规范细化。
联系人,,contact_person,varchar,,64,否,基础版字段定义，后续可按数据库规范细化。
联系电话,,contact_phone,varchar,,64,否,基础版字段定义，后续可按数据库规范细化。
状态,,status,varchar,status_dict,20,是,基础版字段定义，后续可按数据库规范细化。
创建人,,create_by,varchar,,64,是,基础版字段定义，后续可按数据库规范细化。
创建时间,,create_time,datetime,,,是,基础版字段定义，后续可按数据库规范细化。
更新人,,update_by,varchar,,64,否,基础版字段定义，后续可按数据库规范细化。
更新时间,,update_time,datetime,,,否,基础版字段定义，后续可按数据库规范细化。
逻辑删除标识,,del_flag,char,sys_del_flag,1,是,0存在 2删除
备注,,remark,varchar,,500,否,基础版字段定义，后续可按数据库规范细化。
仓库ID,,warehouse_id,bigint,,20,是,主键，建议使用雪花ID或数据库统一ID生成策略。
工厂ID,,plant_id,bigint,,20,是,基础版字段定义，后续可按数据库规范细化。
仓库编码,,warehouse_code,varchar,,64,是,基础版字段定义，后续可按数据库规范细化。
仓库名称,,warehouse_name,varchar,,128,是,基础版字段定义，后续可按数据库规范细化。
仓库类型,,warehouse_type,varchar,type_dict,32,否,基础版字段定义，后续可按数据库规范细化。
状态,,status,varchar,status_dict,20,是,基础版字段定义，后续可按数据库规范细化。
创建人,,create_by,varchar,,64,是,基础版字段定义，后续可按数据库规范细化。
创建时间,,create_time,datetime,,,是,基础版字段定义，后续可按数据库规范细化。
更新人,,update_by,varchar,,64,否,基础版字段定义，后续可按数据库规范细化。
更新时间,,update_time,datetime,,,否,基础版字段定义，后续可按数据库规范细化。
逻辑删除标识,,del_flag,char,sys_del_flag,1,是,0存在 2删除
备注,,remark,varchar,,500,否,基础版字段定义，后续可按数据库规范细化。
库位ID,,storage_location_id,bigint,,20,是,主键，建议使用雪花ID或数据库统一ID生成策略。
仓库ID,,warehouse_id,bigint,,20,是,基础版字段定义，后续可按数据库规范细化。
库位编码,,storage_location_code,varchar,,64,是,基础版字段定义，后续可按数据库规范细化。
库位名称,,storage_location_name,varchar,,128,是,基础版字段定义，后续可按数据库规范细化。
库位类型,,location_type,varchar,type_dict,32,否,基础版字段定义，后续可按数据库规范细化。
状态,,status,varchar,status_dict,20,是,基础版字段定义，后续可按数据库规范细化。
创建人,,create_by,varchar,,64,是,基础版字段定义，后续可按数据库规范细化。
创建时间,,create_time,datetime,,,是,基础版字段定义，后续可按数据库规范细化。
更新人,,update_by,varchar,,64,否,基础版字段定义，后续可按数据库规范细化。
更新时间,,update_time,datetime,,,否,基础版字段定义，后续可按数据库规范细化。
逻辑删除标识,,del_flag,char,sys_del_flag,1,是,0存在 2删除
备注,,remark,varchar,,500,否,基础版字段定义，后续可按数据库规范细化。
收货单ID,,gr_id,bigint,,20,是,主键，建议使用雪花ID或数据库统一ID生成策略。
收货单号,,gr_no,varchar,,64,是,基础版字段定义，后续可按数据库规范细化。
供应商ID,,supplier_id,bigint,,20,是,基础版字段定义，后续可按数据库规范细化。
仓库ID,,warehouse_id,bigint,,20,是,基础版字段定义，后续可按数据库规范细化。
收货日期,,receipt_date,date,,,否,基础版字段定义，后续可按数据库规范细化。
收货类型,,receipt_type,varchar,type_dict,32,否,基础版字段定义，后续可按数据库规范细化。
收货状态,,gr_status,varchar,status_dict,20,是,基础版字段定义，后续可按数据库规范细化。
来源单号,,source_doc_no,varchar,,64,是,基础版字段定义，后续可按数据库规范细化。
创建人,,create_by,varchar,,64,是,基础版字段定义，后续可按数据库规范细化。
创建时间,,create_time,datetime,,,是,基础版字段定义，后续可按数据库规范细化。
更新人,,update_by,varchar,,64,否,基础版字段定义，后续可按数据库规范细化。
更新时间,,update_time,datetime,,,否,基础版字段定义，后续可按数据库规范细化。
逻辑删除标识,,del_flag,char,sys_del_flag,1,是,0存在 2删除
备注,,remark,varchar,,500,否,基础版字段定义，后续可按数据库规范细化。
收货明细ID,,gr_item_id,bigint,,20,是,主键，建议使用雪花ID或数据库统一ID生成策略。
收货单ID,,gr_id,bigint,,20,是,基础版字段定义，后续可按数据库规范细化。
行号,,line_no,varchar,,64,是,基础版字段定义，后续可按数据库规范细化。
物料ID,,material_id,bigint,,20,是,基础版字段定义，后续可按数据库规范细化。
接收数量,,received_qty,decimal,,18,是,基础版字段定义，后续可按数据库规范细化。
接收单位,,received_uom,varchar,mes_uom,20,否,基础版字段定义，后续可按数据库规范细化。
批次号,,lot_no,varchar,,64,是,基础版字段定义，后续可按数据库规范细化。
库位ID,,storage_location_id,bigint,,20,是,基础版字段定义，后续可按数据库规范细化。
项目状态,,item_status,varchar,status_dict,20,是,基础版字段定义，后续可按数据库规范细化。
创建人,,create_by,varchar,,64,是,基础版字段定义，后续可按数据库规范细化。
创建时间,,create_time,datetime,,,是,基础版字段定义，后续可按数据库规范细化。
更新人,,update_by,varchar,,64,否,基础版字段定义，后续可按数据库规范细化。
更新时间,,update_time,datetime,,,否,基础版字段定义，后续可按数据库规范细化。
逻辑删除标识,,del_flag,char,sys_del_flag,1,是,0存在 2删除
备注,,remark,varchar,,500,否,基础版字段定义，后续可按数据库规范细化。
序列号ID,,serial_id,bigint,,20,是,主键，建议使用雪花ID或数据库统一ID生成策略。
物料ID,,material_id,bigint,,20,是,基础版字段定义，后续可按数据库规范细化。
序列号,,serial_no,varchar,,64,是,基础版字段定义，后续可按数据库规范细化。
物料批次ID,,material_lot_id,bigint,,20,是,基础版字段定义，后续可按数据库规范细化。
序列号状态,,serial_status,varchar,status_dict,20,是,基础版字段定义，后续可按数据库规范细化。
当前位置,,current_location,varchar,,64,否,基础版字段定义，后续可按数据库规范细化。
创建人,,create_by,varchar,,64,是,基础版字段定义，后续可按数据库规范细化。
创建时间,,create_time,datetime,,,是,基础版字段定义，后续可按数据库规范细化。
更新人,,update_by,varchar,,64,否,基础版字段定义，后续可按数据库规范细化。
更新时间,,update_time,datetime,,,否,基础版字段定义，后续可按数据库规范细化。
逻辑删除标识,,del_flag,char,sys_del_flag,1,是,0存在 2删除
备注,,remark,varchar,,500,否,基础版字段定义，后续可按数据库规范细化。
在制批次ID,,wip_lot_id,bigint,,20,是,主键，建议使用雪花ID或数据库统一ID生成策略。
生产工单ID,,prod_order_id,bigint,,20,是,基础版字段定义，后续可按数据库规范细化。
物料ID,,material_id,bigint,,20,是,基础版字段定义，后续可按数据库规范细化。
在制批次号,,wip_lot_no,varchar,,64,是,基础版字段定义，后续可按数据库规范细化。
当前工单工序ID,,current_order_op_id,bigint,,20,是,基础版字段定义，后续可按数据库规范细化。
数量,,qty,decimal,,18,是,基础版字段定义，后续可按数据库规范细化。
单位,,uom,varchar,mes_uom,20,否,基础版字段定义，后续可按数据库规范细化。
在制状态,,wip_status,varchar,status_dict,20,是,基础版字段定义，后续可按数据库规范细化。
创建人,,create_by,varchar,,64,是,基础版字段定义，后续可按数据库规范细化。
创建时间,,create_time,datetime,,,是,基础版字段定义，后续可按数据库规范细化。
更新人,,update_by,varchar,,64,否,基础版字段定义，后续可按数据库规范细化。
更新时间,,update_time,datetime,,,否,基础版字段定义，后续可按数据库规范细化。
逻辑删除标识,,del_flag,char,sys_del_flag,1,是,0存在 2删除
备注,,remark,varchar,,500,否,基础版字段定义，后续可按数据库规范细化。
在制流转ID,,wip_track_id,bigint,,20,是,主键，建议使用雪花ID或数据库统一ID生成策略。
在制批次ID,,wip_lot_id,bigint,,20,是,基础版字段定义，后续可按数据库规范细化。
来源工序ID,,from_order_op_id,bigint,,20,是,基础版字段定义，后续可按数据库规范细化。
目标工序ID,,to_order_op_id,bigint,,20,是,基础版字段定义，后续可按数据库规范细化。
流转数量,,move_qty,decimal,,18,是,基础版字段定义，后续可按数据库规范细化。
流转单位,,move_uom,varchar,mes_uom,20,否,基础版字段定义，后续可按数据库规范细化。
流转时间,,move_time,datetime,,,否,基础版字段定义，后续可按数据库规范细化。
操作人ID,,operator_id,bigint,,20,是,基础版字段定义，后续可按数据库规范细化。
跟踪状态,,track_status,varchar,status_dict,20,是,基础版字段定义，后续可按数据库规范细化。
创建人,,create_by,varchar,,64,是,基础版字段定义，后续可按数据库规范细化。
创建时间,,create_time,datetime,,,是,基础版字段定义，后续可按数据库规范细化。
逻辑删除标识,,del_flag,char,sys_del_flag,1,是,0存在 2删除
备注,,remark,varchar,,500,否,基础版字段定义，后续可按数据库规范细化。
成品批次ID,,fg_lot_id,bigint,,20,是,主键，建议使用雪花ID或数据库统一ID生成策略。
生产工单ID,,prod_order_id,bigint,,20,是,基础版字段定义，后续可按数据库规范细化。
物料ID,,material_id,bigint,,20,是,基础版字段定义，后续可按数据库规范细化。
成品批次号,,fg_lot_no,varchar,,64,是,基础版字段定义，后续可按数据库规范细化。
数量,,qty,decimal,,18,是,基础版字段定义，后续可按数据库规范细化。
单位,,uom,varchar,mes_uom,20,否,基础版字段定义，后续可按数据库规范细化。
生产时间,,produce_time,datetime,,,否,基础版字段定义，后续可按数据库规范细化。
成品批次状态,,fg_status,varchar,status_dict,20,是,基础版字段定义，后续可按数据库规范细化。
创建人,,create_by,varchar,,64,是,基础版字段定义，后续可按数据库规范细化。
创建时间,,create_time,datetime,,,是,基础版字段定义，后续可按数据库规范细化。
更新人,,update_by,varchar,,64,否,基础版字段定义，后续可按数据库规范细化。
更新时间,,update_time,datetime,,,否,基础版字段定义，后续可按数据库规范细化。
逻辑删除标识,,del_flag,char,sys_del_flag,1,是,0存在 2删除
备注,,remark,varchar,,500,否,基础版字段定义，后续可按数据库规范细化。
成品序列号ID,,fg_serial_id,bigint,,20,是,主键，建议使用雪花ID或数据库统一ID生成策略。
成品批次ID,,fg_lot_id,bigint,,20,是,基础版字段定义，后续可按数据库规范细化。
物料ID,,material_id,bigint,,20,是,基础版字段定义，后续可按数据库规范细化。
序列号,,serial_no,varchar,,64,是,基础版字段定义，后续可按数据库规范细化。
UDI编码,,udi_code,varchar,,64,是,基础版字段定义，后续可按数据库规范细化。
成品序列号状态,,fg_serial_status,varchar,status_dict,20,是,基础版字段定义，后续可按数据库规范细化。
创建人,,create_by,varchar,,64,是,基础版字段定义，后续可按数据库规范细化。
创建时间,,create_time,datetime,,,是,基础版字段定义，后续可按数据库规范细化。
更新人,,update_by,varchar,,64,否,基础版字段定义，后续可按数据库规范细化。
更新时间,,update_time,datetime,,,否,基础版字段定义，后续可按数据库规范细化。
逻辑删除标识,,del_flag,char,sys_del_flag,1,是,0存在 2删除
备注,,remark,varchar,,500,否,基础版字段定义，后续可按数据库规范细化。
批次族谱ID,,lot_genealogy_id,bigint,,20,是,主键，建议使用雪花ID或数据库统一ID生成策略。
来源批次类型,,source_lot_type,varchar,mes_lot_object_type,32,否,来源批次类型，兼容字段；优先使用明确来源批次外键。
来源批次ID,,source_lot_id,bigint,,20,否,兼容字段，记录来源批次泛型ID；强追溯场景优先使用明确外键字段。
来源物料批次ID,,source_material_lot_id,bigint,,20,否,来源为物料批次时使用。
来源在制批次ID,,source_wip_lot_id,bigint,,20,否,来源为在制批次时使用。
来源成品批次ID,,source_fg_lot_id,bigint,,20,否,来源为成品批次时使用。
目标批次类型,,target_lot_type,varchar,mes_lot_object_type,32,否,目标批次类型，兼容字段；优先使用明确目标批次外键。
目标批次ID,,target_lot_id,bigint,,20,否,兼容字段，记录目标批次泛型ID；强追溯场景优先使用明确外键字段。
目标物料批次ID,,target_material_lot_id,bigint,,20,否,目标为物料批次时使用。
目标在制批次ID,,target_wip_lot_id,bigint,,20,否,目标为在制批次时使用。
目标成品批次ID,,target_fg_lot_id,bigint,,20,否,目标为成品批次时使用。
关系类型,,relation_type,varchar,mes_lot_genealogy_relation,32,否,批次谱系关系类型。
数量,,qty,decimal,,18,是,基础版字段定义，后续可按数据库规范细化。
单位,,uom,varchar,mes_uom,20,否,基础版字段定义，后续可按数据库规范细化。
来源事件ID,,source_event_id,bigint,,20,是,基础版字段定义，后续可按数据库规范细化。
创建时间,,create_time,datetime,,,是,基础版字段定义，后续可按数据库规范细化。
逻辑删除标识,,del_flag,char,sys_del_flag,1,是,0存在 2删除
备注,,remark,varchar,,500,否,基础版字段定义，后续可按数据库规范细化。
序列号族谱ID,,serial_genealogy_id,bigint,,20,是,主键，建议使用雪花ID或数据库统一ID生成策略。
父级序列号类型,,parent_serial_type,varchar,mes_serial_object_type,32,否,父级序列号类型，兼容字段；优先使用明确序列号外键。
父级序列号ID,,parent_serial_id,bigint,,20,否,兼容字段，记录父级序列号泛型ID；强追溯场景优先使用明确外键字段。
父级物料序列号ID,,parent_material_serial_id,bigint,,20,否,父级为物料序列号时使用。
父级成品序列号ID,,parent_fg_serial_id,bigint,,20,否,父级为成品序列号时使用。
子级序列号类型,,child_serial_type,varchar,mes_serial_object_type,32,否,子级序列号类型，兼容字段；优先使用明确序列号外键。
子级序列号ID,,child_serial_id,bigint,,20,否,兼容字段，记录子级序列号泛型ID；强追溯场景优先使用明确外键字段。
子级物料序列号ID,,child_material_serial_id,bigint,,20,否,子级为物料序列号时使用。
子级成品序列号ID,,child_fg_serial_id,bigint,,20,否,子级为成品序列号时使用。
关系类型,,relation_type,varchar,mes_serial_genealogy_relation,32,否,序列号谱系关系类型。
来源事件ID,,source_event_id,bigint,,20,是,基础版字段定义，后续可按数据库规范细化。
创建时间,,create_time,datetime,,,是,基础版字段定义，后续可按数据库规范细化。
逻辑删除标识,,del_flag,char,sys_del_flag,1,是,0存在 2删除
备注,,remark,varchar,,500,否,基础版字段定义，后续可按数据库规范细化。
报工接口ID,,report_if_id,bigint,,20,是,主键，建议使用雪花ID或数据库统一ID生成策略。
接口消息ID,,interface_msg_id,bigint,,20,是,基础版字段定义，后续可按数据库规范细化。
报工ID,,report_id,bigint,,20,是,基础版字段定义，后续可按数据库规范细化。
SAP订单号,,sap_order_no,varchar,,64,是,基础版字段定义，后续可按数据库规范细化。
SAP工序号,,sap_operation_no,varchar,,64,是,基础版字段定义，后续可按数据库规范细化。
确认数量,,confirm_qty,decimal,,18,是,基础版字段定义，后续可按数据库规范细化。
确认单位,,confirm_uom,varchar,mes_uom,20,否,基础版字段定义，后续可按数据库规范细化。
过账状态,,posting_status,varchar,mes_posting_status,20,是,基础版字段定义，后续可按数据库规范细化。
过账时间,,posting_time,datetime,,,否,基础版字段定义，后续可按数据库规范细化。
错误信息,,error_message,varchar,,500,否,基础版字段定义，后续可按数据库规范细化。
创建时间,,create_time,datetime,,,是,基础版字段定义，后续可按数据库规范细化。
更新时间,,update_time,datetime,,,否,基础版字段定义，后续可按数据库规范细化。
逻辑删除标识,,del_flag,char,sys_del_flag,1,是,0存在 2删除
备注,,remark,varchar,,500,否,基础版字段定义，后续可按数据库规范细化。
检验接口ID,,insp_if_id,bigint,,20,是,主键，建议使用雪花ID或数据库统一ID生成策略。
接口消息ID,,interface_msg_id,bigint,,20,是,基础版字段定义，后续可按数据库规范细化。
检验结果ID,,insp_result_id,bigint,,20,是,基础版字段定义，后续可按数据库规范细化。
SAP订单号,,sap_order_no,varchar,,64,是,基础版字段定义，后续可按数据库规范细化。
SAP工序号,,sap_operation_no,varchar,,64,是,基础版字段定义，后续可按数据库规范细化。
检验批号,,inspection_lot_no,varchar,,64,是,基础版字段定义，后续可按数据库规范细化。
结果报文,,result_payload,varchar,,500,否,基础版字段定义，后续可按数据库规范细化。
过账状态,,posting_status,varchar,mes_posting_status,20,是,基础版字段定义，后续可按数据库规范细化。
过账时间,,posting_time,datetime,,,否,基础版字段定义，后续可按数据库规范细化。
错误信息,,error_message,varchar,,500,否,基础版字段定义，后续可按数据库规范细化。
创建时间,,create_time,datetime,,,是,基础版字段定义，后续可按数据库规范细化。
更新时间,,update_time,datetime,,,否,基础版字段定义，后续可按数据库规范细化。
逻辑删除标识,,del_flag,char,sys_del_flag,1,是,0存在 2删除
备注,,remark,varchar,,500,否,基础版字段定义，后续可按数据库规范细化。
投料接口ID,,consume_if_id,bigint,,20,是,主键，建议使用雪花ID或数据库统一ID生成策略。
接口消息ID,,interface_msg_id,bigint,,20,是,基础版字段定义，后续可按数据库规范细化。
投料记录ID,,op_consume_id,bigint,,20,是,基础版字段定义，后续可按数据库规范细化。
SAP订单号,,sap_order_no,varchar,,64,是,基础版字段定义，后续可按数据库规范细化。
SAP预留号,,sap_reservation_no,varchar,,64,是,基础版字段定义，后续可按数据库规范细化。
SAP预留行号,,sap_reservation_item,varchar,,64,否,基础版字段定义，后续可按数据库规范细化。
物料编码,,material_code,varchar,,64,是,基础版字段定义，后续可按数据库规范细化。
过账数量,,posting_qty,decimal,,18,是,基础版字段定义，后续可按数据库规范细化。
过账单位,,posting_uom,varchar,mes_uom,20,否,基础版字段定义，后续可按数据库规范细化。
过账状态,,posting_status,varchar,mes_posting_status,20,是,基础版字段定义，后续可按数据库规范细化。
过账时间,,posting_time,datetime,,,否,基础版字段定义，后续可按数据库规范细化。
错误信息,,error_message,varchar,,500,否,基础版字段定义，后续可按数据库规范细化。
创建时间,,create_time,datetime,,,是,基础版字段定义，后续可按数据库规范细化。
更新时间,,update_time,datetime,,,否,基础版字段定义，后续可按数据库规范细化。
逻辑删除标识,,del_flag,char,sys_del_flag,1,是,0存在 2删除
备注,,remark,varchar,,500,否,基础版字段定义，后续可按数据库规范细化。
班次ID,,shift_id,bigint,,20,是,主键。
班次编码,,shift_code,varchar,,64,是,建议唯一。
班次名称,,shift_name,varchar,,128,是,如早班、中班、晚班。
开始时间,,start_time,time,,,是,班次内开始时间。
结束时间,,end_time,time,,,是,班次内结束时间。
是否跨天,,cross_day_flag,char,sys_yes_no,1,是,夜班等跨天场景。
工时,,work_hours,decimal,,8,否,班次标准工时。
状态,,status,varchar,sys_normal_disable,20,是,启用/停用。
创建人,,create_by,varchar,,64,是,审计字段。
创建时间,,create_time,datetime,,,是,审计字段。
更新人,,update_by,varchar,,64,否,审计字段。
更新时间,,update_time,datetime,,,否,审计字段。
逻辑删除标识,,del_flag,char,sys_del_flag,1,是,0存在 2删除
备注,,remark,varchar,,500,否,备注说明。
生产日历ID,,calendar_id,bigint,,20,是,主键。
工厂ID,,plant_id,bigint,,20,是,所属工厂。
日历日期,,calendar_date,date,,,是,生产日历日期。
日期类型,,day_type,varchar,mes_calendar_day_type,20,是,工作日、休息日、节假日等。
是否工作日,,work_flag,char,sys_yes_no,1,是,是否可排产。
班次ID,,shift_id,bigint,,20,否,可按班次定义产能。
可用产能小时,,capacity_hours,decimal,,8,否,当天或班次可用产能。
状态,,status,varchar,sys_normal_disable,20,是,启用/停用。
创建人,,create_by,varchar,,64,是,审计字段。
创建时间,,create_time,datetime,,,是,审计字段。
更新人,,update_by,varchar,,64,否,审计字段。
更新时间,,update_time,datetime,,,否,审计字段。
逻辑删除标识,,del_flag,char,sys_del_flag,1,是,0存在 2删除
备注,,remark,varchar,,500,否,备注说明。
排产计划ID,,plan_id,bigint,,20,是,主键。
排产计划号,,plan_no,varchar,,64,是,排产计划唯一编号。
生产工单ID,,prod_order_id,bigint,,20,是,关联生产工单。
工单工序ID,,order_op_id,bigint,,20,否,可排到工序粒度。
工作中心ID,,work_center_id,bigint,,20,是,计划工作中心。
产线ID,,line_id,bigint,,20,否,计划产线。
班次ID,,shift_id,bigint,,20,否,计划班次。
计划日期,,plan_date,date,,,是,计划日期。
计划开始时间,,planned_start_time,datetime,,,是,计划开始。
计划结束时间,,planned_end_time,datetime,,,是,计划结束。
计划数量,,planned_qty,decimal,,18,是,排产数量。
方案状态,,plan_status,varchar,mes_schedule_status,20,是,草稿、已发布、已锁定等。
是否锁定,,lock_flag,char,sys_yes_no,1,是,是否锁定计划。
是否发布,,publish_flag,char,sys_yes_no,1,是,是否已发布到执行。
创建人,,create_by,varchar,,64,是,审计字段。
创建时间,,create_time,datetime,,,是,审计字段。
更新人,,update_by,varchar,,64,否,审计字段。
更新时间,,update_time,datetime,,,否,审计字段。
逻辑删除标识,,del_flag,char,sys_del_flag,1,是,0存在 2删除
备注,,remark,varchar,,500,否,备注说明。
日志ID,,log_id,bigint,,20,是,主键。
排产计划ID,,plan_id,bigint,,20,是,关联排产计划。
调整类型,,adjust_type,varchar,mes_schedule_adjust_type,32,是,新增、变更、取消等。
调整前开始时间,,before_start_time,datetime,,,否,调整前计划开始。
调整后开始时间,,after_start_time,datetime,,,否,调整后计划开始。
调整前结束时间,,before_end_time,datetime,,,否,调整前计划结束。
调整后结束时间,,after_end_time,datetime,,,否,调整后计划结束。
调整前工作中心ID,,before_work_center_id,bigint,,20,否,调整前资源。
调整后工作中心ID,,after_work_center_id,bigint,,20,否,调整后资源。
调整原因,,adjust_reason,varchar,,500,否,排产调整原因。
操作人ID,,operator_id,bigint,,20,否,调整操作人。
日志时间,,log_time,datetime,,,是,记录时间。
创建人,,create_by,varchar,,64,是,审计字段。
创建时间,,create_time,datetime,,,是,审计字段。
更新人,,update_by,varchar,,64,否,审计字段。
更新时间,,update_time,datetime,,,否,审计字段。
逻辑删除标识,,del_flag,char,sys_del_flag,1,是,0存在 2删除
备注,,remark,varchar,,500,否,备注说明。
审核ID,,review_id,bigint,,20,是,主键。
生产工单ID,,prod_order_id,bigint,,20,是,关联工单。
批记录编号,,batch_record_no,varchar,,64,是,电子批记录编号。
审核节点,,review_node,varchar,mes_batch_review_node,64,是,审核环节。
审核人ID,,reviewer_id,bigint,,20,否,审核人员。
审核状态,,review_status,varchar,mes_review_status,20,是,待审、通过、驳回。
审核意见,,review_comment,varchar,,500,否,审核说明。
提交时间,,submit_time,datetime,,,否,提交审核时间。
审核时间,,review_time,datetime,,,否,实际审核时间。
是否当前节点,,current_flag,char,sys_yes_no,1,是,是否当前待处理节点。
状态,,status,varchar,sys_normal_disable,20,是,记录状态。
创建人,,create_by,varchar,,64,是,审计字段。
创建时间,,create_time,datetime,,,是,审计字段。
更新人,,update_by,varchar,,64,否,审计字段。
更新时间,,update_time,datetime,,,否,审计字段。
逻辑删除标识,,del_flag,char,sys_del_flag,1,是,0存在 2删除
备注,,remark,varchar,,500,否,备注说明。
异常分类ID,,category_id,bigint,,20,是,主键。
父级ID,,parent_id,bigint,,20,否,支持树形分类。
分类编码,,category_code,varchar,,64,是,建议唯一。
分类名称,,category_name,varchar,,128,是,异常分类名称。
分类类型,,category_type,varchar,mes_exception_category_type,32,是,设备、工艺、质量等。
严重等级,,severity_level,varchar,mes_severity_level,20,是,异常严重程度。
响应时限分钟,,response_time_limit,int,,11,否,异常响应时限。
是否启用升级,,escalation_flag,char,sys_yes_no,1,是,是否需要升级机制。
状态,,status,varchar,sys_normal_disable,20,是,启用/停用。
创建人,,create_by,varchar,,64,是,审计字段。
创建时间,,create_time,datetime,,,是,审计字段。
更新人,,update_by,varchar,,64,否,审计字段。
更新时间,,update_time,datetime,,,否,审计字段。
逻辑删除标识,,del_flag,char,sys_del_flag,1,是,0存在 2删除
备注,,remark,varchar,,500,否,备注说明。
异常升级ID,,escalation_id,bigint,,20,是,主键。
异常记录ID,,exception_id,bigint,,20,是,关联异常主表。
来源模块,,source_module,varchar,mes_exception_source_module,64,否,兼容字段，优先通过exception_id关联异常主表。
来源业务ID,,source_biz_id,bigint,,20,否,兼容字段，优先通过exception_id关联异常主表。
异常分类ID,,category_id,bigint,,20,否,异常分类。
升级等级,,escalation_level,int,mes_escalation_level,11,是,第几级升级。
升级发起人ID,,from_person_id,bigint,,20,否,升级发起人。
升级接收人ID,,to_person_id,bigint,,20,否,升级接收人。
升级原因,,escalation_reason,varchar,,500,否,升级原因说明。
升级时间,,escalation_time,datetime,,,是,升级发生时间。
处理状态,,handle_status,varchar,mes_exception_handle_status,20,是,待处理、处理中、已关闭。
处理时间,,handle_time,datetime,,,否,处理完成时间。
状态,,status,varchar,sys_normal_disable,20,是,记录状态。
创建人,,create_by,varchar,,64,是,审计字段。
创建时间,,create_time,datetime,,,是,审计字段。
更新人,,update_by,varchar,,64,否,审计字段。
更新时间,,update_time,datetime,,,否,审计字段。
逻辑删除标识,,del_flag,char,sys_del_flag,1,是,0存在 2删除
备注,,remark,varchar,,500,否,备注说明。
ID,,id,bigint,,20,是,主键。
工作中心ID,,work_center_id,bigint,,20,是,工作中心。
设备ID,,equipment_id,bigint,,20,是,设备。
关系类型,,relation_type,varchar,mes_wc_equipment_relation_type,32,是,主设备、可选设备等。
是否主设备,,primary_flag,char,sys_yes_no,1,是,是否主设备。
生效开始时间,,effective_from,datetime,,,否,关系生效开始。
生效结束时间,,effective_to,datetime,,,否,关系生效结束。
状态,,status,varchar,sys_normal_disable,20,是,启用/停用。
创建人,,create_by,varchar,,64,是,审计字段。
创建时间,,create_time,datetime,,,是,审计字段。
更新人,,update_by,varchar,,64,否,审计字段。
更新时间,,update_time,datetime,,,否,审计字段。
逻辑删除标识,,del_flag,char,sys_del_flag,1,是,0存在 2删除
备注,,remark,varchar,,500,否,备注说明。
处置ID,,handling_id,bigint,,20,是,主键。
处置单号,,handling_no,varchar,,64,是,处置单唯一编号。
生产不良ID,,prod_defect_id,bigint,,20,否,关联生产不良。
检验结果ID,,insp_result_id,bigint,,20,否,关联检验结果。
生产工单ID,,prod_order_id,bigint,,20,否,关联工单。
工单工序ID,,order_op_id,bigint,,20,否,关联工序。
物料ID,,material_id,bigint,,20,否,不合格物料。
物料批次ID,,material_lot_id,bigint,,20,否,不合格批次。
处置类型,,handling_type,varchar,mes_nc_handling_type,32,是,返工、报废、让步接收等。
处置结果,,handling_result,varchar,mes_nc_handling_result,32,否,处置结论。
处置数量,,handling_qty,decimal,,18,是,处置数量。
处置人ID,,handler_id,bigint,,20,否,处置人。
处置时间,,handling_time,datetime,,,否,实际处置时间。
审批状态,,approval_status,varchar,mes_approval_status,20,是,处置审批状态。
是否关闭,,close_flag,char,sys_yes_no,1,是,是否闭环。
创建人,,create_by,varchar,,64,是,审计字段。
创建时间,,create_time,datetime,,,是,审计字段。
更新人,,update_by,varchar,,64,否,审计字段。
更新时间,,update_time,datetime,,,否,审计字段。
逻辑删除标识,,del_flag,char,sys_del_flag,1,是,0存在 2删除
备注,,remark,varchar,,500,否,备注说明。
变更ID,,change_id,bigint,,20,是,主键。
变更单号,,change_no,varchar,,64,是,变更单唯一编号。
变更类型,,change_type,varchar,mes_change_type,32,是,BOM、工艺、物料等。
变更标题,,change_title,varchar,,200,是,变更标题。
变更说明,,change_desc,varchar,,1000,否,变更内容说明。
受影响对象类型,,affected_object_type,varchar,mes_change_object_type,32,是,BOM、工艺、工序等。
受影响对象ID,,affected_object_id,bigint,,20,否,受影响业务对象主键。
来源模块,,source_module,varchar,mes_change_source_module,64,否,变更来源模块。
申请人ID,,request_person_id,bigint,,20,否,变更申请人。
申请时间,,request_time,datetime,,,是,申请时间。
审批状态,,approval_status,varchar,mes_approval_status,20,是,审批状态。
变更状态,,change_status,varchar,mes_change_status,20,是,草稿、审批中、生效、关闭等。
生效时间,,effective_time,datetime,,,否,变更生效时间。
创建人,,create_by,varchar,,64,是,审计字段。
创建时间,,create_time,datetime,,,是,审计字段。
更新人,,update_by,varchar,,64,否,审计字段。
更新时间,,update_time,datetime,,,否,审计字段。
逻辑删除标识,,del_flag,char,sys_del_flag,1,是,0存在 2删除
备注,,remark,varchar,,500,否,备注说明。
异常记录ID,,exception_id,bigint,,20,是,主键，建议使用雪花ID或数据库统一ID生成策略。
异常单号,,exception_no,varchar,,64,是,异常记录唯一编号。
来源模块,,source_module,varchar,mes_exception_source_module,64,是,异常来源模块。
来源业务ID,,source_biz_id,bigint,,20,否,兼容字段，记录来源业务主键；优先使用明确业务外键。
异常分类ID,,category_id,bigint,,20,否,异常分类。
生产工单ID,,prod_order_id,bigint,,20,否,关联工单。
工单工序ID,,order_op_id,bigint,,20,否,关联工单工序。
工序执行ID,,op_exec_id,bigint,,20,否,关联执行实例。
异常标题,,exception_title,varchar,,200,是,异常标题。
异常描述,,exception_desc,varchar,,1000,否,异常描述。
严重等级,,severity_level,varchar,mes_severity_level,20,是,异常严重程度。
异常状态,,exception_status,varchar,mes_exception_status,20,是,打开、处理中、已关闭。
发现人ID,,found_person_id,bigint,,20,否,异常发现人。
发现时间,,found_time,datetime,,,是,异常发现时间。
关闭人ID,,closed_person_id,bigint,,20,否,异常关闭人。
关闭时间,,closed_time,datetime,,,否,异常关闭时间。
创建人,,create_by,varchar,,64,是,审计字段。
创建时间,,create_time,datetime,,,是,审计字段。
更新人,,update_by,varchar,,64,否,审计字段。
更新时间,,update_time,datetime,,,否,审计字段。
逻辑删除标识,,del_flag,char,sys_del_flag,1,是,0存在 2删除。
备注,,remark,varchar,,500,否,备注说明。
